Epoch,Iteration,Loss
0,0,0.524224281
0,1,0.529519439
0,2,0.560363531
0,3,0.507224679
0,4,0.52654016
0,5,0.504460096
0,6,0.537254453
0,7,0.510849357
0,8,0.551557302
0,9,0.502481043
0,10,0.576499343
1,0,0.533736408
1,1,0.508657753
1,2,0.505632997
1,3,0.512799084
1,4,0.482223123
1,5,0.5414083
1,6,0.521618843
1,7,0.479264319
1,8,0.503264844
1,9,0.531213403
1,10,0.454907954
2,0,0.47391504
2,1,0.446155369
2,2,0.476591557
2,3,0.406636775
2,4,0.446872264
2,5,0.395074904
2,6,0.434827268
2,7,0.40404591
2,8,0.410273254
2,9,0.403308243
2,10,0.391461015
3,0,0.418456137
3,1,0.435926497
3,2,0.323105663
3,3,0.384783715
3,4,0.29758209
3,5,0.336462975
3,6,0.384664446
3,7,0.347931713
3,8,0.319618285
3,9,0.323466718
3,10,0.351552904
4,0,0.292355478
4,1,0.288344771
4,2,0.330474615
4,3,0.304697573
4,4,0.340699255
4,5,0.281360567
4,6,0.334628999
4,7,0.302259713
4,8,0.338867486
4,9,0.251645833
4,10,0.384212255
5,0,0.357884228
5,1,0.357830048
5,2,0.35945642
5,3,0.294669926
5,4,0.328577608
5,5,0.263189673
5,6,0.311197996
5,7,0.320203185
5,8,0.290248394
5,9,0.281903416
5,10,0.246237785
6,0,0.386622876
6,1,0.321936727
6,2,0.284767032
6,3,0.317332745
6,4,0.268893808
6,5,0.308713973
6,6,0.313613772
6,7,0.316167623
6,8,0.265201449
6,9,0.311699212
6,10,0.401688397
7,0,0.323756576
7,1,0.345196486
7,2,0.309945166
7,3,0.328915924
7,4,0.311908871
7,5,0.276798546
7,6,0.305921167
7,7,0.287180543
7,8,0.327260911
7,9,0.330268502
7,10,0.294039756
8,0,0.324780792
8,1,0.313706279
8,2,0.293798506
8,3,0.329488695
8,4,0.326881111
8,5,0.264795661
8,6,0.30179742
8,7,0.330214024
8,8,0.304525256
8,9,0.342554986
8,10,0.312360704
9,0,0.291069299
9,1,0.312759042
9,2,0.29823792
9,3,0.336152285
9,4,0.294679463
9,5,0.3271842
9,6,0.313164353
9,7,0.27652356
9,8,0.284405589
9,9,0.348456264
9,10,0.296291292
10,0,0.307685584
10,1,0.292470425
10,2,0.279934555
10,3,0.323038161
10,4,0.317072302
10,5,0.288460016
10,6,0.363235176
10,7,0.361062765
10,8,0.268464029
10,9,0.290073007
10,10,0.33446911
11,0,0.309319913
11,1,0.362538457
11,2,0.333949268
11,3,0.267289042
11,4,0.305939287
11,5,0.339237273
11,6,0.215083838
11,7,0.314262629
11,8,0.315056354
11,9,0.304698199
11,10,0.392425448
12,0,0.30986011
12,1,0.352840722
12,2,0.281182528
12,3,0.380579829
12,4,0.349135011
12,5,0.392840147
12,6,0.333772063
12,7,0.296004474
12,8,0.285060108
12,9,0.309475124
12,10,0.290952504
13,0,0.294998229
13,1,0.262608737
13,2,0.297094673
13,3,0.320274115
13,4,0.307595611
13,5,0.303498447
13,6,0.320488483
13,7,0.289087325
13,8,0.334859461
13,9,0.350931883
13,10,0.194269478
14,0,0.251536578
14,1,0.291514724
14,2,0.274102807
14,3,0.305422068
14,4,0.292062104
14,5,0.296524942
14,6,0.28088814
14,7,0.330245554
14,8,0.376724422
14,9,0.289665997
14,10,0.344286621
15,0,0.318656743
15,1,0.338228106
15,2,0.338343889
15,3,0.302040875
15,4,0.349032104
15,5,0.329353631
15,6,0.331199646
15,7,0.302349746
15,8,0.278377652
15,9,0.329428196
15,10,0.368732065
16,0,0.327195942
16,1,0.369603932
16,2,0.296220839
16,3,0.287084818
16,4,0.325654238
16,5,0.346890628
16,6,0.346258581
16,7,0.27747941
16,8,0.322242439
16,9,0.293053329
16,10,0.334156871
17,0,0.337382972
17,1,0.322369754
17,2,0.276254058
17,3,0.297034621
17,4,0.287074685
17,5,0.256900668
17,6,0.293414831
17,7,0.321377248
17,8,0.370893687
17,9,0.308883578
17,10,0.184307963
18,0,0.313387305
18,1,0.323244631
18,2,0.352987468
18,3,0.363300562
18,4,0.296440214
18,5,0.342294216
18,6,0.281879038
18,7,0.283385575
18,8,0.34179616
18,9,0.311759144
18,10,0.370303243
19,0,0.35368973
19,1,0.310335636
19,2,0.327806085
19,3,0.306074381
19,4,0.316080868
19,5,0.319723606
19,6,0.362776697
19,7,0.325736523
19,8,0.273827195
19,9,0.348932743
19,10,0.379921705
20,0,0.290972859
20,1,0.291242868
20,2,0.323072314
20,3,0.337186873
20,4,0.320966303
20,5,0.305114299
20,6,0.281485379
20,7,0.336659551
20,8,0.346455544
20,9,0.268708408
20,10,0.248787254
21,0,0.343766272
21,1,0.297631472
21,2,0.263605773
21,3,0.345194042
21,4,0.296209216
21,5,0.3425695
21,6,0.293190271
21,7,0.258859724
21,8,0.301102817
21,9,0.290757746
21,10,0.264824241
22,0,0.293323278
22,1,0.367340595
22,2,0.323698014
22,3,0.306848228
22,4,0.255468458
22,5,0.289411068
22,6,0.342694789
22,7,0.285477459
22,8,0.350675344
22,9,0.259433448
22,10,0.3555592
23,0,0.356494725
23,1,0.339550078
23,2,0.330866754
23,3,0.32378608
23,4,0.340204448
23,5,0.325767577
23,6,0.286273539
23,7,0.329756439
23,8,0.327538103
23,9,0.345101655
23,10,0.329802901
24,0,0.317283273
24,1,0.299611151
24,2,0.331250817
24,3,0.307294428
24,4,0.280418307
24,5,0.288583696
24,6,0.362464368
24,7,0.368614286
24,8,0.302439302
24,9,0.362167269
24,10,0.265305907
25,0,0.303626269
25,1,0.267824501
25,2,0.334954947
25,3,0.255104721
25,4,0.367679298
25,5,0.295782447
25,6,0.308743715
25,7,0.359772414
25,8,0.293415308
25,9,0.325318873
25,10,0.315468162
26,0,0.291927457
26,1,0.319645047
26,2,0.336944431
26,3,0.306809098
26,4,0.321712971
26,5,0.344053358
26,6,0.292233199
26,7,0.254288018
26,8,0.324379355
26,9,0.290145636
26,10,0.158078521
27,0,0.264266014
27,1,0.314082325
27,2,0.295663029
27,3,0.346562564
27,4,0.277952224
27,5,0.296846449
27,6,0.334183544
27,7,0.286965251
27,8,0.31632781
27,9,0.343352765
27,10,0.186182052
28,0,0.267121881
28,1,0.290871382
28,2,0.297349751
28,3,0.28916055
28,4,0.35050565
28,5,0.289929837
28,6,0.275048286
28,7,0.296705216
28,8,0.33009997
28,9,0.277088612
28,10,0.34608382
29,0,0.268430442
29,1,0.255918264
29,2,0.213282734
29,3,0.301169783
29,4,0.319898248
29,5,0.32828638
29,6,0.319347024
29,7,0.337121546
29,8,0.214645982
29,9,0.275280207
29,10,0.23765476
30,0,0.273041427
30,1,0.313030601
30,2,0.241160214
30,3,0.320553511
30,4,0.309111625
30,5,0.313298404
30,6,0.311654925
30,7,0.257884502
30,8,0.284723878
30,9,0.31505841
30,10,0.243807569
31,0,0.331733346
31,1,0.306062102
31,2,0.274260491
31,3,0.295339525
31,4,0.334152937
31,5,0.262800574
31,6,0.286895722
31,7,0.369559407
31,8,0.31931141
31,9,0.289254487
31,10,0.483419836
32,0,0.288496852
32,1,0.302526444
32,2,0.275031775
32,3,0.251615644
32,4,0.259120613
32,5,0.249489933
32,6,0.320165634
32,7,0.273149908
32,8,0.275536358
32,9,0.246425956
32,10,0.258758128
33,0,0.272861481
33,1,0.251656175
33,2,0.285301328
33,3,0.271369517
33,4,0.285978049
33,5,0.235162377
33,6,0.293150634
33,7,0.326287806
33,8,0.304659843
33,9,0.338784695
33,10,0.23990187
34,0,0.328882575
34,1,0.28297013
34,2,0.253364027
34,3,0.2227979
34,4,0.243735299
34,5,0.275867522
34,6,0.297606647
34,7,0.291388273
34,8,0.284538507
34,9,0.24560377
34,10,0.152799502
35,0,0.273969114
35,1,0.23199296
35,2,0.277178675
35,3,0.191291869
35,4,0.235491559
35,5,0.269539714
35,6,0.257457256
35,7,0.260832936
35,8,0.197942436
35,9,0.291426659
35,10,0.266015857
36,0,0.244486719
36,1,0.260063976
36,2,0.257119298
36,3,0.25162375
36,4,0.309917718
36,5,0.199234828
36,6,0.248460904
36,7,0.274816155
36,8,0.279610574
36,9,0.268787175
36,10,0.15979825
37,0,0.272001088
37,1,0.261400729
37,2,0.329641402
37,3,0.267322719
37,4,0.270120621
37,5,0.216768011
37,6,0.253926724
37,7,0.22016412
37,8,0.262578368
37,9,0.265759826
37,10,0.189453021
38,0,0.2546435
38,1,0.262199283
38,2,0.236301929
38,3,0.334305882
38,4,0.223302126
38,5,0.255624205
38,6,0.257171243
38,7,0.229540855
38,8,0.220809504
38,9,0.261942714
38,10,0.450020611
39,0,0.249019742
39,1,0.271690607
39,2,0.269224048
39,3,0.241964981
39,4,0.234561354
39,5,0.271539152
39,6,0.221013099
39,7,0.227202341
39,8,0.214959472
39,9,0.204214036
39,10,0.329388678
40,0,0.225959331
40,1,0.259281933
40,2,0.23926574
40,3,0.22296086
40,4,0.246908993
40,5,0.224964201
40,6,0.205594897
40,7,0.243201047
40,8,0.241457522
40,9,0.238609195
40,10,0.213863224
41,0,0.277378798
41,1,0.228272706
41,2,0.248156309
41,3,0.224463359
41,4,0.222997695
41,5,0.233380914
41,6,0.225507125
41,7,0.231456518
41,8,0.23122707
41,9,0.254146397
41,10,0.126403943
42,0,0.238155872
42,1,0.263626516
42,2,0.245274007
42,3,0.205873951
42,4,0.256578356
42,5,0.216560319
42,6,0.215538263
42,7,0.23969698
42,8,0.233045816
42,9,0.25287208
42,10,0.441690683
43,0,0.296988785
43,1,0.266254753
43,2,0.264817208
43,3,0.248886392
43,4,0.274162322
43,5,0.247359484
43,6,0.20221442
43,7,0.186933547
43,8,0.220398307
43,9,0.241062731
43,10,0.183795199
44,0,0.220992833
44,1,0.228015095
44,2,0.228789926
44,3,0.250066191
44,4,0.205859736
44,5,0.222004235
44,6,0.21019873
44,7,0.24375762
44,8,0.244414076
44,9,0.234362125
44,10,0.144397095
45,0,0.275498986
45,1,0.198215067
45,2,0.200708896
45,3,0.269984543
45,4,0.236939967
45,5,0.237926722
45,6,0.284991831
45,7,0.199205652
45,8,0.232953966
45,9,0.197937891
45,10,0.401095718
46,0,0.233079463
46,1,0.256513298
46,2,0.175576136
46,3,0.208651632
46,4,0.18303211
46,5,0.222542703
46,6,0.233263463
46,7,0.229774624
46,8,0.229483783
46,9,0.219719082
46,10,0.333162904
47,0,0.255765706
47,1,0.264029562
47,2,0.263905823
47,3,0.226557404
47,4,0.222502619
47,5,0.165578306
47,6,0.321385175
47,7,0.192882627
47,8,0.189312816
47,9,0.250268221
47,10,0.27198723
48,0,0.264406085
48,1,0.243822426
48,2,0.299504042
48,3,0.237950444
48,4,0.168541759
48,5,0.2397843
48,6,0.224384874
48,7,0.200579166
48,8,0.2013641
48,9,0.198854834
48,10,0.103556737
49,0,0.193777412
49,1,0.199012697
49,2,0.182547718
49,3,0.229709595
49,4,0.245765686
49,5,0.237928271
49,6,0.258474588
49,7,0.229999006
49,8,0.290648669
49,9,0.20726341
49,10,0.25076279
50,0,0.198919803
50,1,0.213553309
50,2,0.244491383
50,3,0.230811954
50,4,0.165535122
50,5,0.238814384
50,6,0.20820576
50,7,0.27985087
50,8,0.212638646
50,9,0.212914914
50,10,0.125474438
51,0,0.220980197
51,1,0.212946653
51,2,0.153629959
51,3,0.212414563
51,4,0.19835867
51,5,0.237912774
51,6,0.213667586
51,7,0.220439404
51,8,0.234639555
51,9,0.239524037
51,10,0.16074951
52,0,0.212561741
52,1,0.238378093
52,2,0.20410949
52,3,0.234888971
52,4,0.194267362
52,5,0.180639774
52,6,0.193065614
52,7,0.186292857
52,8,0.222011045
52,9,0.187076122
52,10,0.126596898
53,0,0.208285749
53,1,0.202713609
53,2,0.238315821
53,3,0.237413272
53,4,0.256230861
53,5,0.202164769
53,6,0.166010648
53,7,0.217486113
53,8,0.235913128
53,9,0.179605067
53,10,0.045686889
54,0,0.22303097
54,1,0.258746982
54,2,0.187634379
54,3,0.192486063
54,4,0.209357977
54,5,0.211688817
54,6,0.212960064
54,7,0.207358927
54,8,0.188640013
54,9,0.181620061
54,10,0.236419544
55,0,0.195504397
55,1,0.205732554
55,2,0.191650316
55,3,0.218574822
55,4,0.283987343
55,5,0.270400167
55,6,0.231973141
55,7,0.24724701
55,8,0.213436365
55,9,0.169029236
55,10,0.093204297
56,0,0.222309604
56,1,0.197649822
56,2,0.214724988
56,3,0.172189116
56,4,0.158141881
56,5,0.199194312
56,6,0.211234987
56,7,0.157127768
56,8,0.215377122
56,9,0.204390109
56,10,0.210192084
57,0,0.193084657
57,1,0.210752875
57,2,0.202114701
57,3,0.197434977
57,4,0.185464144
57,5,0.218267873
57,6,0.166467339
57,7,0.172875211
57,8,0.209627748
57,9,0.194365636
57,10,0.103189245
58,0,0.151322216
58,1,0.155846626
58,2,0.231886759
58,3,0.161872342
58,4,0.19968459
58,5,0.18082729
58,6,0.163425848
58,7,0.160753012
58,8,0.185901701
58,9,0.159409374
58,10,0.2518332
59,0,0.192209035
59,1,0.166770801
59,2,0.193675309
59,3,0.215985626
59,4,0.207509115
59,5,0.157471374
59,6,0.209395483
59,7,0.199398637
59,8,0.237888306
59,9,0.214576423
59,10,0.177799776
60,0,0.180419743
60,1,0.162585199
60,2,0.184418321
60,3,0.192368597
60,4,0.146197185
60,5,0.195938498
60,6,0.202703089
60,7,0.219612509
60,8,0.15360117
60,9,0.158197433
60,10,0.144073695
61,0,0.118139654
61,1,0.152413666
61,2,0.182032585
61,3,0.191691935
61,4,0.157072812
61,5,0.137082905
61,6,0.151922986
61,7,0.166628361
61,8,0.146464363
61,9,0.161531091
61,10,0.174361259
62,0,0.165388495
62,1,0.137439832
62,2,0.170797601
62,3,0.159085155
62,4,0.188952923
62,5,0.177860409
62,6,0.13819775
62,7,0.134280115
62,8,0.1477485
62,9,0.165485799
62,10,0.054445088
63,0,0.118021548
63,1,0.136969626
63,2,0.161310136
63,3,0.193652943
63,4,0.113222331
63,5,0.119728535
63,6,0.165698156
63,7,0.101787835
63,8,0.174214184
63,9,0.143232167
63,10,0.135460451
64,0,0.165162861
64,1,0.18195723
64,2,0.142998204
64,3,0.165707067
64,4,0.131906554
64,5,0.183941871
64,6,0.164437473
64,7,0.149707004
64,8,0.13211146
64,9,0.147503719
64,10,0.155032113
65,0,0.130923957
65,1,0.121370524
65,2,0.159085065
65,3,0.179112002
65,4,0.145923004
65,5,0.135140657
65,6,0.161506847
65,7,0.168705061
65,8,0.154659241
65,9,0.172321379
65,10,0.058930676
66,0,0.140083462
66,1,0.151528656
66,2,0.137881666
66,3,0.212062404
66,4,0.144902006
66,5,0.139009804
66,6,0.121797681
66,7,0.160422713
66,8,0.159627974
66,9,0.126897126
66,10,0.028256442
67,0,0.18793714
67,1,0.152841419
67,2,0.200585604
67,3,0.157634169
67,4,0.17611064
67,5,0.116688624
67,6,0.110222384
67,7,0.120125324
67,8,0.128964916
67,9,0.122232214
67,10,0.181272671
68,0,0.144421682
68,1,0.139947772
68,2,0.140675783
68,3,0.142214328
68,4,0.146751821
68,5,0.15903683
68,6,0.096062645
68,7,0.121998288
68,8,0.118534356
68,9,0.156776667
68,10,0.138783813
69,0,0.130990312
69,1,0.081209332
69,2,0.160458833
69,3,0.126428396
69,4,0.138887599
69,5,0.149301738
69,6,0.177955389
69,7,0.086289093
69,8,0.107239872
69,9,0.133855492
69,10,0.058947351
70,0,0.160341352
70,1,0.122332007
70,2,0.129506052
70,3,0.085869774
70,4,0.108252518
70,5,0.170171976
70,6,0.149826139
70,7,0.137850493
70,8,0.149105117
70,9,0.149334013
70,10,0.088129364
71,0,0.117598988
71,1,0.148891121
71,2,0.111278392
71,3,0.116823897
71,4,0.116696462
71,5,0.117578745
71,6,0.129818171
71,7,0.09166307
71,8,0.145326078
71,9,0.130777061
71,10,0.123205572
72,0,0.136287436
72,1,0.144281343
72,2,0.135872558
72,3,0.110308617
72,4,0.163468391
72,5,0.118654795
72,6,0.151569307
72,7,0.115597621
72,8,0.119174153
72,9,0.128785267
72,10,0.127233937
73,0,0.139791667
73,1,0.114403322
73,2,0.142478839
73,3,0.128992423
73,4,0.113275014
73,5,0.114248224
73,6,0.084544986
73,7,0.146125138
73,8,0.145014673
73,9,0.127958193
73,10,0.116289988
74,0,0.142997846
74,1,0.136551619
74,2,0.107586041
74,3,0.130031466
74,4,0.137766182
74,5,0.108435497
74,6,0.124148212
74,7,0.107479185
74,8,0.142296493
74,9,0.121713191
74,10,0.058977775
75,0,0.158565357
75,1,0.123338617
75,2,0.150856465
75,3,0.144438624
75,4,0.125968993
75,5,0.136397004
75,6,0.172054753
75,7,0.136099279
75,8,0.132229447
75,9,0.129615545
75,10,0.082887977
76,0,0.099036336
76,1,0.141998827
76,2,0.123324029
76,3,0.130985186
76,4,0.156198651
76,5,0.136755332
76,6,0.084645614
76,7,0.10862384
76,8,0.093550295
76,9,0.119783252
76,10,0.120075136
77,0,0.116422743
77,1,0.126119673
77,2,0.094170019
77,3,0.10883709
77,4,0.094069555
77,5,0.091862932
77,6,0.087736838
77,7,0.106602013
77,8,0.099199265
77,9,0.142198637
77,10,0.133891404
78,0,0.119504064
78,1,0.088516891
78,2,0.098243356
78,3,0.115534641
78,4,0.098760284
78,5,0.106006056
78,6,0.113880917
78,7,0.107399605
78,8,0.10637375
78,9,0.100255594
78,10,0.128312662
79,0,0.130701154
79,1,0.103576183
79,2,0.119935006
79,3,0.119457752
79,4,0.106813341
79,5,0.114200108
79,6,0.090267837
79,7,0.099587828
79,8,0.098738208
79,9,0.090740211
79,10,0.114413142
80,0,0.060999691
80,1,0.090415493
80,2,0.10973452
80,3,0.086881563
80,4,0.079809546
80,5,0.092432916
80,6,0.098806739
80,7,0.106062457
80,8,0.079329357
80,9,0.084834583
80,10,0.120425723
81,0,0.101328775
81,1,0.096516125
81,2,0.103919201
81,3,0.101121195
81,4,0.077624582
81,5,0.09432216
81,6,0.086464897
81,7,0.101626962
81,8,0.09867318
81,9,0.084416494
81,10,0.067432567
82,0,0.094753489
82,1,0.103561021
82,2,0.087781221
82,3,0.077454843
82,4,0.108286425
82,5,0.094384491
82,6,0.100812964
82,7,0.093389586
82,8,0.084923379
82,9,0.081882291
82,10,0.059708375
83,0,0.091704272
83,1,0.112537004
83,2,0.092428893
83,3,0.089365192
83,4,0.085503682
83,5,0.083758086
83,6,0.090644524
83,7,0.092334077
83,8,0.111593693
83,9,0.073995531
83,10,0.11278487
84,0,0.072894841
84,1,0.071339376
84,2,0.079954311
84,3,0.094470754
84,4,0.082835585
84,5,0.077883586
84,6,0.073522337
84,7,0.097792566
84,8,0.102080755
84,9,0.07231275
84,10,0.039776895
85,0,0.072317012
85,1,0.068081446
85,2,0.07660313
85,3,0.10608761
85,4,0.078696616
85,5,0.094269343
85,6,0.073041081
85,7,0.098272674
85,8,0.0943975
85,9,0.078049302
85,10,0.045247741
86,0,0.095464423
86,1,0.081113853
86,2,0.084193408
86,3,0.090270594
86,4,0.080966614
86,5,0.064655669
86,6,0.095066935
86,7,0.087000616
86,8,0.093128145
86,9,0.07416822
86,10,0.070451275
87,0,0.079342768
87,1,0.091186687
87,2,0.068349361
87,3,0.103639506
87,4,0.086085305
87,5,0.089239627
87,6,0.08088395
87,7,0.0920735
87,8,0.095181927
87,9,0.067145064
87,10,0.041605514
88,0,0.095434278
88,1,0.080014311
88,2,0.107645437
88,3,0.082671195
88,4,0.083600849
88,5,0.064106345
88,6,0.078078106
88,7,0.080485336
88,8,0.075252376
88,9,0.081268333
88,10,0.123408683
89,0,0.067616649
89,1,0.088020742
89,2,0.068994656
89,3,0.08400692
89,4,0.082277089
89,5,0.091230847
89,6,0.07131733
89,7,0.088742852
89,8,0.091075934
89,9,0.102251902
89,10,0.137577608
90,0,0.088808626
90,1,0.092271477
90,2,0.108936459
90,3,0.079235122
90,4,0.086728655
90,5,0.091634199
90,6,0.08475098
90,7,0.110245883
90,8,0.089439824
90,9,0.066227809
90,10,0.106959186
91,0,0.075922817
91,1,0.069587171
91,2,0.09350729
91,3,0.068021804
91,4,0.071734086
91,5,0.070088826
91,6,0.088181727
91,7,0.073785245
91,8,0.062252309
91,9,0.08818274
91,10,0.023247425
92,0,0.086499542
92,1,0.071815416
92,2,0.082598723
92,3,0.075998262
92,4,0.091452353
92,5,0.078949966
92,6,0.084280275
92,7,0.090255626
92,8,0.071299806
92,9,0.082872346
92,10,0.077639207
93,0,0.076886527
93,1,0.093807347
93,2,0.087508589
93,3,0.069404796
93,4,0.082046553
93,5,0.093816534
93,6,0.084681086
93,7,0.077776775
93,8,0.076981142
93,9,0.087473974
93,10,0.075814739
94,0,0.086832039
94,1,0.06955418
94,2,0.084608793
94,3,0.079135105
94,4,0.079939738
94,5,0.081249058
94,6,0.087126702
94,7,0.073884621
94,8,0.070587322
94,9,0.064979494
94,10,0.119534947
95,0,0.064448252
95,1,0.082178384
95,2,0.059810791
95,3,0.066483468
95,4,0.079669908
95,5,0.074898541
95,6,0.077972747
95,7,0.078456648
95,8,0.078006774
95,9,0.081068568
95,10,0.047602374
96,0,0.077564992
96,1,0.067805015
96,2,0.086669981
96,3,0.061211798
96,4,0.078254133
96,5,0.096649967
96,6,0.070677526
96,7,0.082586274
96,8,0.065376729
96,9,0.07491418
96,10,0.02293133
97,0,0.085603155
97,1,0.076606356
97,2,0.065974027
97,3,0.059610046
97,4,0.08070299
97,5,0.101634711
97,6,0.074231669
97,7,0.067311287
97,8,0.067809194
97,9,0.090646796
97,10,0.07684157
98,0,0.064732455
98,1,0.06380219
98,2,0.06009056
98,3,0.079357445
98,4,0.075500935
98,5,0.066586122
98,6,0.070954993
98,7,0.088810317
98,8,0.077189535
98,9,0.083411604
98,10,0.069948703
99,0,0.09769395
99,1,0.088675641
99,2,0.087238416
99,3,0.081352487
99,4,0.081140786
99,5,0.063237399
99,6,0.070039988
99,7,0.062123835
99,8,0.076345071
99,9,0.079596855
99,10,0.098065697
100,0,0.081761599
100,1,0.083747692
100,2,0.076346077
100,3,0.075249687
100,4,0.085199289
100,5,0.084409446
100,6,0.088665336
100,7,0.081690028
100,8,0.072668545
100,9,0.081386864
100,10,0.103188574
101,0,0.098798215
101,1,0.081174269
101,2,0.082041904
101,3,0.080972321
101,4,0.055099733
101,5,0.07096763
101,6,0.059924982
101,7,0.077495709
101,8,0.077451363
101,9,0.07681711
101,10,0.069654755
102,0,0.075708896
102,1,0.084470227
102,2,0.078336284
102,3,0.070922345
102,4,0.090121768
102,5,0.065540493
102,6,0.067482114
102,7,0.068408109
102,8,0.063331179
102,9,0.069106773
102,10,0.082377151
103,0,0.104103059
103,1,0.076656751
103,2,0.093713358
103,3,0.088969305
103,4,0.07837227
103,5,0.076709419
103,6,0.072113886
103,7,0.072547838
103,8,0.085179225
103,9,0.095644481
103,10,0.062475756
104,0,0.0613226
104,1,0.081270903
104,2,0.095201492
104,3,0.072782621
104,4,0.079388916
104,5,0.065933704
104,6,0.071728855
104,7,0.080508232
104,8,0.05937098
104,9,0.054208443
104,10,0.058988113
105,0,0.08638306
105,1,0.060927026
105,2,0.077565745
105,3,0.06929902
105,4,0.067111723
105,5,0.063417681
105,6,0.078430369
105,7,0.061034575
105,8,0.062834017
105,9,0.053728424
105,10,0.055283047
106,0,0.072922684
106,1,0.079339191
106,2,0.061726615
106,3,0.06704662
106,4,0.072632343
106,5,0.063477904
106,6,0.062797233
106,7,0.056762539
106,8,0.074562714
106,9,0.087634504
106,10,0.037099712
107,0,0.07009767
107,1,0.060736135
107,2,0.065312132
107,3,0.081789196
107,4,0.071219131
107,5,0.087478533
107,6,0.078126885
107,7,0.074781686
107,8,0.066872366
107,9,0.062092476
107,10,0.059490588
108,0,0.086024143
108,1,0.052259266
108,2,0.063953809
108,3,0.097889073
108,4,0.081038535
108,5,0.067015022
108,6,0.071083903
108,7,0.069588579
108,8,0.062924735
108,9,0.06395115
108,10,0.037949659
109,0,0.06029341
109,1,0.069832265
109,2,0.083600312
109,3,0.075694129
109,4,0.082923755
109,5,0.074943721
109,6,0.072200775
109,7,0.060090538
109,8,0.072614156
109,9,0.073403172
109,10,0.078108795
110,0,0.052267224
110,1,0.072371185
110,2,0.081534773
110,3,0.061604101
110,4,0.068479098
110,5,0.07520479
110,6,0.081455961
110,7,0.081364416
110,8,0.07679154
110,9,0.077412575
110,10,0.092930004
111,0,0.076232359
111,1,0.083340332
111,2,0.076724671
111,3,0.073357992
111,4,0.075780138
111,5,0.087946817
111,6,0.067950055
111,7,0.056976259
111,8,0.07647749
111,9,0.071024455
111,10,0.041930247
112,0,0.067034602
112,1,0.073078312
112,2,0.079317763
112,3,0.075354949
112,4,0.075875834
112,5,0.078972772
112,6,0.071347922
112,7,0.056977086
112,8,0.07300929
112,9,0.075901523
112,10,0.042448323
113,0,0.069075003
113,1,0.07543014
113,2,0.064432189
113,3,0.065170377
113,4,0.079128049
113,5,0.056970343
113,6,0.059529737
113,7,0.076659217
113,8,0.087037921
113,9,0.074789308
113,10,0.107792422
114,0,0.079301119
114,1,0.061350435
114,2,0.06763941
114,3,0.070713334
114,4,0.075870171
114,5,0.07645271
114,6,0.073163666
114,7,0.073184237
114,8,0.065826282
114,9,0.081233799
114,10,0.061239317
115,0,0.079579055
115,1,0.074667305
115,2,0.067670956
115,3,0.065268092
115,4,0.064159483
115,5,0.068485297
115,6,0.066702984
115,7,0.06744054
115,8,0.064675115
115,9,0.067848787
115,10,0.038706668
116,0,0.066792391
116,1,0.078748927
116,2,0.073810034
116,3,0.049988437
116,4,0.073893815
116,5,0.073723122
116,6,0.064452343
116,7,0.079182506
116,8,0.073776647
116,9,0.071230277
116,10,0.051003486
117,0,0.068148822
117,1,0.067535676
117,2,0.060273379
117,3,0.07584364
117,4,0.070772976
117,5,0.062153794
117,6,0.068906471
117,7,0.064081989
117,8,0.063671947
117,9,0.074324884
117,10,0.075478293
118,0,0.065302663
118,1,0.069536082
118,2,0.075003579
118,3,0.056991011
118,4,0.07415159
118,5,0.076145053
118,6,0.058628183
118,7,0.060644791
118,8,0.060691789
118,9,0.071645021
118,10,0.081902392
119,0,0.066266492
119,1,0.060943786
119,2,0.066065572
119,3,0.064272411
119,4,0.067858756
119,5,0.057425991
119,6,0.054184478
119,7,0.08013159
119,8,0.059876665
119,9,0.060627818
119,10,0.132884994
120,0,0.081825435
120,1,0.062438108
120,2,0.063566886
120,3,0.079468697
120,4,0.068196014
120,5,0.070639446
120,6,0.06328848
120,7,0.083307385
120,8,0.052993603
120,9,0.064525142
120,10,0.042621303
121,0,0.06666778
121,1,0.058015287
121,2,0.056563884
121,3,0.071113683
121,4,0.051447213
121,5,0.064528719
121,6,0.060976278
121,7,0.088934511
121,8,0.065796375
121,9,0.051307224
121,10,0.051198307
122,0,0.060480405
122,1,0.065906465
122,2,0.059126191
122,3,0.057124544
122,4,0.067403719
122,5,0.050115563
122,6,0.057346404
122,7,0.057883263
122,8,0.067731515
122,9,0.060133241
122,10,0.072228275
123,0,0.064196974
123,1,0.060276799
123,2,0.065981507
123,3,0.063961715
123,4,0.058910623
123,5,0.049348868
123,6,0.052209727
123,7,0.065733485
123,8,0.059295952
123,9,0.056294821
123,10,0.048902508
124,0,0.069678351
124,1,0.066423327
124,2,0.053229641
124,3,0.05250144
124,4,0.053546913
124,5,0.061519973
124,6,0.053100955
124,7,0.061878528
124,8,0.04402256
124,9,0.059383038
124,10,0.067678399
125,0,0.062152743
125,1,0.052371301
125,2,0.0614512
125,3,0.071123719
125,4,0.048341323
125,5,0.054821238
125,6,0.058070567
125,7,0.05273661
125,8,0.052916341
125,9,0.044296727
125,10,0.065390915
126,0,0.054313965
126,1,0.055745617
126,2,0.052037217
126,3,0.06440217
126,4,0.057702266
126,5,0.049359765
126,6,0.050375521
126,7,0.052860595
126,8,0.055249479
126,9,0.062479477
126,10,0.077020079
127,0,0.051685318
127,1,0.056181386
127,2,0.054219514
127,3,0.049348876
127,4,0.044985637
127,5,0.048557326
127,6,0.057037644
127,7,0.055805121
127,8,0.045881424
127,9,0.049829952
127,10,0.042531971
128,0,0.048138205
128,1,0.057276011
128,2,0.053698096
128,3,0.048815209
128,4,0.038367853
128,5,0.052164275
128,6,0.037729606
128,7,0.054729305
128,8,0.052976005
128,9,0.05704052
128,10,0.027159652
129,0,0.04853376
129,1,0.045665216
129,2,0.047625199
129,3,0.048775747
129,4,0.040336609
129,5,0.052119341
129,6,0.058524765
129,7,0.035815179
129,8,0.060754869
129,9,0.051418625
129,10,0.048077784
130,0,0.051322889
130,1,0.046575308
130,2,0.051679816
130,3,0.052826047
130,4,0.044700686
130,5,0.046487678
130,6,0.041563179
130,7,0.045233846
130,8,0.039740693
130,9,0.052004695
130,10,0.055635802
131,0,0.039556377
131,1,0.048869949
131,2,0.047975574
131,3,0.042048618
131,4,0.041762307
131,5,0.037674014
131,6,0.043102264
131,7,0.055804975
131,8,0.048946988
131,9,0.042677671
131,10,0.050386868
132,0,0.038692765
132,1,0.048080452
132,2,0.043934405
132,3,0.05175174
132,4,0.051201366
132,5,0.043741979
132,6,0.046198361
132,7,0.043807931
132,8,0.055231906
132,9,0.045916386
132,10,0.02044604
133,0,0.055949155
133,1,0.047648013
133,2,0.048343502
133,3,0.034454267
133,4,0.048037417
133,5,0.03475105
133,6,0.046028849
133,7,0.042869654
133,8,0.038626123
133,9,0.038244091
133,10,0.017639413
134,0,0.04566909
134,1,0.041626003
134,2,0.051100209
134,3,0.038624555
134,4,0.03675634
134,5,0.053669892
134,6,0.04785841
134,7,0.041350372
134,8,0.04425779
134,9,0.038114768
134,10,0.060548726
135,0,0.038107336
135,1,0.035107553
135,2,0.037775856
135,3,0.03329093
135,4,0.044777002
135,5,0.037431642
135,6,0.047734972
135,7,0.033981241
135,8,0.043325454
135,9,0.048108809
135,10,0.022902898
136,0,0.044552367
136,1,0.05042072
136,2,0.040501781
136,3,0.04581691
136,4,0.044842023
136,5,0.0424085
136,6,0.039956197
136,7,0.04086142
136,8,0.054003675
136,9,0.036320813
136,10,0.055715859
137,0,0.047774613
137,1,0.037808351
137,2,0.047197036
137,3,0.066207878
137,4,0.049621344
137,5,0.046211816
137,6,0.047492415
137,7,0.053046353
137,8,0.057990111
137,9,0.046989709
137,10,0.059726488
138,0,0.049641594
138,1,0.047236264
138,2,0.040460646
138,3,0.04425982
138,4,0.04183482
138,5,0.058298256
138,6,0.048115406
138,7,0.038235262
138,8,0.044631477
138,9,0.043386109
138,10,0.075971223
139,0,0.039616294
139,1,0.044414103
139,2,0.043309178
139,3,0.044571757
139,4,0.048438616
139,5,0.055127256
139,6,0.045771867
139,7,0.046029858
139,8,0.050547063
139,9,0.036177061
139,10,0.106802762
140,0,0.043347888
140,1,0.041808143
140,2,0.050660998
140,3,0.040658254
140,4,0.061853379
140,5,0.04181575
140,6,0.043194622
140,7,0.04091569
140,8,0.050699864
140,9,0.041776389
140,10,0.06459
141,0,0.046510436
141,1,0.041164637
141,2,0.039192408
141,3,0.042901695
141,4,0.035990376
141,5,0.033735964
141,6,0.038887098
141,7,0.038012967
141,8,0.033780977
141,9,0.03681308
141,10,0.032411609
142,0,0.045002285
142,1,0.047869466
142,2,0.046966933
142,3,0.041413251
142,4,0.040602427
142,5,0.042286165
142,6,0.0457469
142,7,0.060230792
142,8,0.044298239
142,9,0.043007992
142,10,0.051499728
143,0,0.04280683
143,1,0.046634637
143,2,0.040273029
143,3,0.041236617
143,4,0.0410183
143,5,0.043272473
143,6,0.039059177
143,7,0.044476915
143,8,0.040306143
143,9,0.046608523
143,10,0.042752013
144,0,0.043328378
144,1,0.042214632
144,2,0.0496323
144,3,0.036918819
144,4,0.051650386
144,5,0.042214923
144,6,0.042762451
144,7,0.04424011
144,8,0.046153821
144,9,0.039054222
144,10,0.047747619
145,0,0.05114587
145,1,0.04163368
145,2,0.049253538
145,3,0.042531475
145,4,0.03939062
145,5,0.05219483
145,6,0.04236652
145,7,0.043927275
145,8,0.045006923
145,9,0.045476902
145,10,0.02523738
146,0,0.050160289
146,1,0.055307359
146,2,0.040101126
146,3,0.049481824
146,4,0.049398586
146,5,0.048178263
146,6,0.044377506
146,7,0.040798035
146,8,0.04903049
146,9,0.043732047
146,10,0.030793848
147,0,0.042849623
147,1,0.034726843
147,2,0.046349026
147,3,0.045242392
147,4,0.043039139
147,5,0.044425949
147,6,0.037769064
147,7,0.037693299
147,8,0.035573326
147,9,0.040875353
147,10,0.038014755
148,0,0.044532295
148,1,0.029518306
148,2,0.046409145
148,3,0.044874795
148,4,0.042481337
148,5,0.052449934
148,6,0.042099144
148,7,0.038992248
148,8,0.035260856
148,9,0.042080171
148,10,0.016830096
149,0,0.041736878
149,1,0.04140579
149,2,0.034713954
149,3,0.047407225
149,4,0.051928274
149,5,0.038285296
149,6,0.035374351
149,7,0.035477638
149,8,0.035894185
149,9,0.029196613
149,10,0.02654605
150,0,0.039794572
150,1,0.031877991
150,2,0.042158563
150,3,0.039772555
150,4,0.037317537
150,5,0.041734498
150,6,0.0378455
150,7,0.038519576
150,8,0.042424787
150,9,0.03731852
150,10,0.047807381
151,0,0.035445042
151,1,0.029527683
151,2,0.044019453
151,3,0.042370096
151,4,0.034392443
151,5,0.045575522
151,6,0.036719233
151,7,0.046513777
151,8,0.039734934
151,9,0.044222355
151,10,0.015827619
152,0,0.037524231
152,1,0.036992185
152,2,0.044373207
152,3,0.041656405
152,4,0.041233212
152,5,0.039357461
152,6,0.048171852
152,7,0.037611224
152,8,0.0390044
152,9,0.034150958
152,10,0.049127847
153,0,0.041831013
153,1,0.043216541
153,2,0.045523711
153,3,0.04284304
153,4,0.04449356
153,5,0.03110804
153,6,0.040395364
153,7,0.040941611
153,8,0.034361243
153,9,0.040786218
153,10,0.016676137
154,0,0.044634435
154,1,0.040917616
154,2,0.039715521
154,3,0.037777022
154,4,0.036959924
154,5,0.039734583
154,6,0.047685858
154,7,0.035577893
154,8,0.042489477
154,9,0.043758713
154,10,0.021740558
155,0,0.039074659
155,1,0.03351821
155,2,0.042556718
155,3,0.039258726
155,4,0.040145107
155,5,0.030785702
155,6,0.035778612
155,7,0.035709228
155,8,0.036738016
155,9,0.037446506
155,10,0.017292053
156,0,0.048618145
156,1,0.043017626
156,2,0.036197424
156,3,0.029409152
156,4,0.033884071
156,5,0.042828489
156,6,0.04808078
156,7,0.042436689
156,8,0.03525687
156,9,0.042681754
156,10,0.041547369
157,0,0.043101043
157,1,0.041792702
157,2,0.043123193
157,3,0.036081813
157,4,0.037376426
157,5,0.038282201
157,6,0.044914156
157,7,0.034710661
157,8,0.037633412
157,9,0.044844445
157,10,0.039998643
158,0,0.033240531
158,1,0.039414011
158,2,0.036915742
158,3,0.042473361
158,4,0.035829894
158,5,0.028236588
158,6,0.034287948
158,7,0.036159325
158,8,0.035822086
158,9,0.039470285
158,10,0.0373942
159,0,0.031454921
159,1,0.042373825
159,2,0.041395005
159,3,0.043516286
159,4,0.048171628
159,5,0.043912753
159,6,0.044691365
159,7,0.054477118
159,8,0.033617333
159,9,0.035338424
159,10,0.031557381
160,0,0.044525385
160,1,0.038922369
160,2,0.039210457
160,3,0.043587081
160,4,0.037922122
160,5,0.048238359
160,6,0.029215038
160,7,0.03405977
160,8,0.029905133
160,9,0.043674078
160,10,0.043791577
161,0,0.032297343
161,1,0.034233529
161,2,0.036836416
161,3,0.028879641
161,4,0.041940983
161,5,0.04505505
161,6,0.042669296
161,7,0.041749261
161,8,0.035313927
161,9,0.033808231
161,10,0.025753455
162,0,0.032022677
162,1,0.038471319
162,2,0.047877729
162,3,0.045092151
162,4,0.041709594
162,5,0.0270156
162,6,0.030013844
162,7,0.034342602
162,8,0.036052316
162,9,0.028299347
162,10,0.048040494
163,0,0.036167439
163,1,0.037000537
163,2,0.030622344
163,3,0.036089744
163,4,0.039655041
163,5,0.034156859
163,6,0.036257721
163,7,0.034206424
163,8,0.036434516
163,9,0.039825909
163,10,0.036516961
164,0,0.041012146
164,1,0.044759203
164,2,0.044578213
164,3,0.033684447
164,4,0.035819069
164,5,0.035844646
164,6,0.039231252
164,7,0.038586307
164,8,0.042341955
164,9,0.039142534
164,10,0.020491585
165,0,0.032365132
165,1,0.035698127
165,2,0.036515836
165,3,0.034858987
165,4,0.0352121
165,5,0.033857226
165,6,0.042092968
165,7,0.03879584
165,8,0.039643787
165,9,0.03115195
165,10,0.017827744
166,0,0.044361174
166,1,0.038537409
166,2,0.034129743
166,3,0.037629679
166,4,0.036515303
166,5,0.037901729
166,6,0.030783588
166,7,0.03636086
166,8,0.03718479
166,9,0.041544639
166,10,0.019229835
167,0,0.032715276
167,1,0.03291405
167,2,0.035411946
167,3,0.04318279
167,4,0.034592189
167,5,0.044329006
167,6,0.027246611
167,7,0.039263062
167,8,0.026282091
167,9,0.042138856
167,10,0.008394069
168,0,0.02907287
168,1,0.029349908
168,2,0.032340169
168,3,0.040124729
168,4,0.045712031
168,5,0.036126137
168,6,0.03870837
168,7,0.04326186
168,8,0.035989061
168,9,0.024962056
168,10,0.034971096
169,0,0.028738577
169,1,0.038414016
169,2,0.036471739
169,3,0.04075304
169,4,0.033877466
169,5,0.048950989
169,6,0.037874717
169,7,0.037562929
169,8,0.033583365
169,9,0.031287
169,10,0.026223695
170,0,0.032379046
170,1,0.045997404
170,2,0.029531933
170,3,0.028019991
170,4,0.03180388
170,5,0.037996747
170,6,0.040631901
170,7,0.035851732
170,8,0.039322793
170,9,0.031176653
170,10,0.021709338
171,0,0.026084395
171,1,0.027428079
171,2,0.032517783
171,3,0.038527444
171,4,0.042733427
171,5,0.037793808
171,6,0.036792412
171,7,0.037025899
171,8,0.03578319
171,9,0.039733797
171,10,0.038169544
172,0,0.030128833
172,1,0.041252699
172,2,0.027036263
172,3,0.030978132
172,4,0.027801232
172,5,0.039377756
172,6,0.040277269
172,7,0.032520186
172,8,0.038828872
172,9,0.038093172
172,10,0.047712058
173,0,0.03364452
173,1,0.030415853
173,2,0.044398725
173,3,0.038619839
173,4,0.035623334
173,5,0.031659283
173,6,0.040226225
173,7,0.043637179
173,8,0.038915839
173,9,0.040595122
173,10,0.039952453
174,0,0.02944573
174,1,0.049830742
174,2,0.041202717
174,3,0.032092489
174,4,0.030953856
174,5,0.030917779
174,6,0.036260508
174,7,0.041129868
174,8,0.041390881
174,9,0.034250446
174,10,0.03360039
175,0,0.02792066
175,1,0.034233354
175,2,0.031975102
175,3,0.03886535
175,4,0.04241661
175,5,0.032798827
175,6,0.033855706
175,7,0.036882475
175,8,0.040310085
175,9,0.04441198
175,10,0.012152376
176,0,0.039377362
176,1,0.035977412
176,2,0.034295119
176,3,0.035554979
176,4,0.037839837
176,5,0.033170663
176,6,0.034113817
176,7,0.045696922
176,8,0.033825628
176,9,0.028224386
176,10,0.047695983
177,0,0.038453542
177,1,0.042191952
177,2,0.038625523
177,3,0.037192523
177,4,0.041440703
177,5,0.030060906
177,6,0.035256751
177,7,0.038415521
177,8,0.040389892
177,9,0.040325433
177,10,0.042173218
178,0,0.027625563
178,1,0.02715956
178,2,0.029559446
178,3,0.028249554
178,4,0.037128922
178,5,0.027693659
178,6,0.035163537
178,7,0.031537049
178,8,0.047179297
178,9,0.029045949
178,10,0.060719579
179,0,0.03722629
179,1,0.032783903
179,2,0.033202324
179,3,0.037213847
179,4,0.035118192
179,5,0.039577942
179,6,0.044614792
179,7,0.030380394
179,8,0.036885582
179,9,0.026665118
179,10,0.046217714
180,0,0.031917892
180,1,0.028230656
180,2,0.034961767
180,3,0.038071614
180,4,0.032303587
180,5,0.03449871
180,6,0.032505531
180,7,0.033861253
180,8,0.034426171
180,9,0.036894046
180,10,0.028414968
181,0,0.039463356
181,1,0.033938758
181,2,0.037722185
181,3,0.024931114
181,4,0.030764453
181,5,0.030484032
181,6,0.037382308
181,7,0.038872451
181,8,0.030594984
181,9,0.026461344
181,10,0.051167283
182,0,0.027489986
182,1,0.046757635
182,2,0.037654519
182,3,0.038721617
182,4,0.033779461
182,5,0.028008126
182,6,0.046838932
182,7,0.04087209
182,8,0.029111538
182,9,0.036627818
182,10,0.026476126
183,0,0.032694392
183,1,0.037747975
183,2,0.029535141
183,3,0.036562964
183,4,0.035640225
183,5,0.037967857
183,6,0.042956516
183,7,0.034339793
183,8,0.031939901
183,9,0.02910779
183,10,0.059123617
184,0,0.040217616
184,1,0.03200347
184,2,0.037218496
184,3,0.039745215
184,4,0.038405173
184,5,0.033845492
184,6,0.034623671
184,7,0.038456906
184,8,0.034110457
184,9,0.035342973
184,10,0.011304066
185,0,0.040839896
185,1,0.044018134
185,2,0.038933292
185,3,0.033548925
185,4,0.032512344
185,5,0.033145193
185,6,0.029597595
185,7,0.027911957
185,8,0.039156694
185,9,0.037810728
185,10,0.044355221
186,0,0.041120119
186,1,0.036005497
186,2,0.0346376
186,3,0.031665489
186,4,0.037166275
186,5,0.039422162
186,6,0.027037486
186,7,0.040444262
186,8,0.031070212
186,9,0.035397027
186,10,0.033292454
187,0,0.031786196
187,1,0.042116545
187,2,0.039780442
187,3,0.026682306
187,4,0.031051034
187,5,0.02724625
187,6,0.030788444
187,7,0.031542901
187,8,0.030999068
187,9,0.033220395
187,10,0.037070043
188,0,0.03550081
188,1,0.035278767
188,2,0.029975912
188,3,0.034059174
188,4,0.038193688
188,5,0.037046399
188,6,0.029886335
188,7,0.025095282
188,8,0.031429432
188,9,0.037680048
188,10,0.007949221
189,0,0.024688914
189,1,0.035659
189,2,0.033621922
189,3,0.027001556
189,4,0.027636569
189,5,0.031021586
189,6,0.032051452
189,7,0.03486342
189,8,0.038639896
189,9,0.039139636
189,10,0.02062414
190,0,0.031889338
190,1,0.037037641
190,2,0.033810269
190,3,0.035651639
190,4,0.037710574
190,5,0.040920377
190,6,0.037075695
190,7,0.031709034
190,8,0.02491028
190,9,0.028685223
190,10,0.064525604
191,0,0.039792083
191,1,0.037139669
191,2,0.031374495
191,3,0.031843659
191,4,0.029363584
191,5,0.028222725
191,6,0.041937202
191,7,0.039413072
191,8,0.027445227
191,9,0.03748066
191,10,0.034172297
192,0,0.03800438
192,1,0.027786709
192,2,0.032466404
192,3,0.031874306
192,4,0.033773202
192,5,0.036597118
192,6,0.02783547
192,7,0.025282104
192,8,0.032070696
192,9,0.031750254
192,10,0.012832214
193,0,0.028328668
193,1,0.034509599
193,2,0.030242331
193,3,0.037901334
193,4,0.035181329
193,5,0.035852019
193,6,0.023168579
193,7,0.029144887
193,8,0.031304516
193,9,0.026165521
193,10,0.0224401
194,0,0.034930307
194,1,0.034983173
194,2,0.028611608
194,3,0.042177856
194,4,0.034485973
194,5,0.034542054
194,6,0.034361064
194,7,0.024867838
194,8,0.036959663
194,9,0.03300868
194,10,0.025725476
195,0,0.028427809
195,1,0.031364761
195,2,0.026634233
195,3,0.029184757
195,4,0.028905934
195,5,0.029790837
195,6,0.030973356
195,7,0.038547613
195,8,0.028691951
195,9,0.02858457
195,10,0.018139459
196,0,0.037096251
196,1,0.03312074
196,2,0.038814962
196,3,0.02977284
196,4,0.031158026
196,5,0.025367673
196,6,0.033720344
196,7,0.034290016
196,8,0.031760305
196,9,0.032707263
196,10,0.026772177
197,0,0.033629619
197,1,0.030050319
197,2,0.034100529
197,3,0.033849239
197,4,0.031626984
197,5,0.03167855
197,6,0.026519563
197,7,0.030738164
197,8,0.025535803
197,9,0.027049791
197,10,0.022241583
198,0,0.033721656
198,1,0.023629073
198,2,0.033639088
198,3,0.034844108
198,4,0.039189409
198,5,0.02567105
198,6,0.028880157
198,7,0.026801325
198,8,0.029825862
198,9,0.033886403
198,10,0.015751611
199,0,0.02899787
199,1,0.03560631
199,2,0.04042808
199,3,0.026610738
199,4,0.03621538
199,5,0.032648675
199,6,0.022617623
199,7,0.036958076
199,8,0.02607777
199,9,0.035887025
199,10,0.020016918
200,0,0.030680088
200,1,0.027790047
200,2,0.025093675
200,3,0.033062115
200,4,0.037877716
200,5,0.028777348
200,6,0.038984556
200,7,0.036832187
200,8,0.03764781
200,9,0.037233457
200,10,0.057986587
201,0,0.032947846
201,1,0.039620653
201,2,0.032418799
201,3,0.038058784
201,4,0.041798174
201,5,0.033906095
201,6,0.032042351
201,7,0.031820919
201,8,0.03614445
201,9,0.031355824
201,10,0.022505471
202,0,0.022287393
202,1,0.0341786
202,2,0.032813177
202,3,0.034084361
202,4,0.032410227
202,5,0.036158182
202,6,0.040385656
202,7,0.030878257
202,8,0.033367239
202,9,0.028116517
202,10,0.023644159
203,0,0.034541499
203,1,0.021291349
203,2,0.026738694
203,3,0.027251408
203,4,0.033358485
203,5,0.035666451
203,6,0.032563634
203,7,0.035042644
203,8,0.036976218
203,9,0.040362533
203,10,0.059200305
204,0,0.022721807
204,1,0.036268234
204,2,0.03455019
204,3,0.033572003
204,4,0.033766314
204,5,0.031410988
204,6,0.027205979
204,7,0.028404232
204,8,0.031166032
204,9,0.027306477
204,10,0.027384676
205,0,0.026789632
205,1,0.037025385
205,2,0.026364826
205,3,0.02224363
205,4,0.026741356
205,5,0.032019295
205,6,0.032943103
205,7,0.031285524
205,8,0.027843637
205,9,0.036367238
205,10,0.043326635
206,0,0.036693338
206,1,0.034577988
206,2,0.040490162
206,3,0.044021733
206,4,0.028975694
206,5,0.039492138
206,6,0.033556506
206,7,0.033111166
206,8,0.028865378
206,9,0.029258076
206,10,0.039534647
207,0,0.034007221
207,1,0.035328761
207,2,0.030548777
207,3,0.028956352
207,4,0.032691583
207,5,0.029107822
207,6,0.026601344
207,7,0.029552456
207,8,0.032339752
207,9,0.032391775
207,10,0.027999761
208,0,0.034065038
208,1,0.02902022
208,2,0.036191918
208,3,0.032009158
208,4,0.029300118
208,5,0.024795666
208,6,0.025648318
208,7,0.027355263
208,8,0.035657093
208,9,0.030957121
208,10,0.024109261
209,0,0.033213221
209,1,0.033887736
209,2,0.035124809
209,3,0.026743131
209,4,0.032832816
209,5,0.033855535
209,6,0.041451752
209,7,0.0260174
209,8,0.028261954
209,9,0.026291911
209,10,0.037959319
210,0,0.02312893
210,1,0.03217046
210,2,0.028193779
210,3,0.038282305
210,4,0.0264658
210,5,0.029792167
210,6,0.032061078
210,7,0.037731655
210,8,0.028247867
210,9,0.026111905
210,10,0.065139733
211,0,0.028257065
211,1,0.030113541
211,2,0.023411002
211,3,0.037724767
211,4,0.025353998
211,5,0.030691624
211,6,0.032120671
211,7,0.037306935
211,8,0.031032912
211,9,0.024425704
211,10,0.010426055
212,0,0.030042041
212,1,0.02767677
212,2,0.025535561
212,3,0.032237075
212,4,0.030233191
212,5,0.028804705
212,6,0.036350101
212,7,0.033837669
212,8,0.033020761
212,9,0.036348529
212,10,0.037846256
213,0,0.03591758
213,1,0.040266998
213,2,0.032658845
213,3,0.033857532
213,4,0.038182721
213,5,0.023921069
213,6,0.03091947
213,7,0.039407231
213,8,0.03564591
213,9,0.033441469
213,10,0.028164128
214,0,0.031858627
214,1,0.034546435
214,2,0.038470775
214,3,0.03237718
214,4,0.037066076
214,5,0.041737989
214,6,0.031124484
214,7,0.028171433
214,8,0.037630163
214,9,0.029853186
214,10,0.008021099
215,0,0.027284227
215,1,0.032308523
215,2,0.032081977
215,3,0.034955267
215,4,0.039201636
215,5,0.033588707
215,6,0.028114244
215,7,0.02459942
215,8,0.037226006
215,9,0.029283933
215,10,0.040586185
216,0,0.024341531
216,1,0.026836244
216,2,0.033206791
216,3,0.027678974
216,4,0.024179522
216,5,0.032524664
216,6,0.024337281
216,7,0.027337259
216,8,0.030340847
216,9,0.034034066
216,10,0.017654249
217,0,0.032314323
217,1,0.024485132
217,2,0.027736798
217,3,0.023803264
217,4,0.035703998
217,5,0.023305945
217,6,0.029989691
217,7,0.036556654
217,8,0.031167533
217,9,0.021334095
217,10,0.018372469
218,0,0.027455449
218,1,0.024963405
218,2,0.026996614
218,3,0.023814524
218,4,0.030197784
218,5,0.032597244
218,6,0.024640013
218,7,0.029118139
218,8,0.027780578
218,9,0.022505749
218,10,0.041740406
219,0,0.029047828
219,1,0.038288042
219,2,0.029692829
219,3,0.026130771
219,4,0.024843615
219,5,0.029694121
219,6,0.022996593
219,7,0.037771419
219,8,0.032019928
219,9,0.029120984
219,10,0.039594512
220,0,0.032960285
220,1,0.038310364
220,2,0.032778688
220,3,0.034551121
220,4,0.029925745
220,5,0.025062272
220,6,0.029741004
220,7,0.031024152
220,8,0.031422928
220,9,0.029965434
220,10,0.048848212
221,0,0.039441582
221,1,0.031726807
221,2,0.028026888
221,3,0.036481343
221,4,0.049095552
221,5,0.042626172
221,6,0.028449498
221,7,0.030515768
221,8,0.038397759
221,9,0.031807326
221,10,0.032413896
222,0,0.037552591
222,1,0.029800728
222,2,0.02700264
222,3,0.03686171
222,4,0.034537181
222,5,0.041808505
222,6,0.038813174
222,7,0.029349055
222,8,0.030446775
222,9,0.033170663
222,10,0.026323985
223,0,0.031985529
223,1,0.028930403
223,2,0.039250299
223,3,0.034498997
223,4,0.035937939
223,5,0.031303491
223,6,0.032366358
223,7,0.039869159
223,8,0.030899609
223,9,0.03231094
223,10,0.046281036
224,0,0.046189819
224,1,0.036504298
224,2,0.037067637
224,3,0.034678232
224,4,0.037954308
224,5,0.037870426
224,6,0.038927592
224,7,0.036686316
224,8,0.036894254
224,9,0.032328293
224,10,0.020842453
225,0,0.041941531
225,1,0.037730835
225,2,0.038487736
225,3,0.036351554
225,4,0.031933479
225,5,0.035575531
225,6,0.036919199
225,7,0.033302456
225,8,0.028075228
225,9,0.032212421
225,10,0.043440171
226,0,0.03768279
226,1,0.036902249
226,2,0.033673361
226,3,0.028956585
226,4,0.035269201
226,5,0.036311977
226,6,0.0335861
226,7,0.02856436
226,8,0.039600305
226,9,0.026020691
226,10,0.0302059
227,0,0.026620943
227,1,0.02994851
227,2,0.025817052
227,3,0.02661203
227,4,0.034597825
227,5,0.034518819
227,6,0.030765859
227,7,0.023033481
227,8,0.028951043
227,9,0.0322669
227,10,0.027230328
228,0,0.028393235
228,1,0.027810203
228,2,0.030907109
228,3,0.026566725
228,4,0.02268523
228,5,0.030194253
228,6,0.028328486
228,7,0.024071705
228,8,0.02544475
228,9,0.026096726
228,10,0.015736479
229,0,0.024242129
229,1,0.023175441
229,2,0.02576188
229,3,0.026062937
229,4,0.034974955
229,5,0.027067661
229,6,0.030349221
229,7,0.022396993
229,8,0.030007308
229,9,0.021985106
229,10,0.00932327
230,0,0.029453227
230,1,0.03208755
230,2,0.030502791
230,3,0.03500963
230,4,0.029846918
230,5,0.035115801
230,6,0.026224779
230,7,0.031515531
230,8,0.027092524
230,9,0.039417565
230,10,0.01150922
231,0,0.027698595
231,1,0.02718666
231,2,0.031387072
231,3,0.033655174
231,4,0.025829479
231,5,0.026255364
231,6,0.025249194
231,7,0.023954647
231,8,0.026134051
231,9,0.037703466
231,10,0.034726977
232,0,0.02324485
232,1,0.02558459
232,2,0.026200015
232,3,0.027792174
232,4,0.026534049
232,5,0.030219132
232,6,0.028230768
232,7,0.027252525
232,8,0.024094997
232,9,0.033240285
232,10,0.01487233
233,0,0.020783029
233,1,0.022747416
233,2,0.030101664
233,3,0.025947595
233,4,0.025679924
233,5,0.023588788
233,6,0.025420388
233,7,0.025752392
233,8,0.026293594
233,9,0.019484933
233,10,0.032435633
234,0,0.027934663
234,1,0.023808505
234,2,0.026467659
234,3,0.031239826
234,4,0.031224031
234,5,0.028438117
234,6,0.019081648
234,7,0.023064282
234,8,0.022810776
234,9,0.02290405
234,10,0.023431491
235,0,0.02395466
235,1,0.023651
235,2,0.029255854
235,3,0.026925258
235,4,0.021541109
235,5,0.022141993
235,6,0.025383454
235,7,0.022556826
235,8,0.029828941
235,9,0.022821072
235,10,0.016274212
236,0,0.021810707
236,1,0.024151947
236,2,0.028565725
236,3,0.031221993
236,4,0.030125786
236,5,0.025775669
236,6,0.027700027
236,7,0.025067631
236,8,0.029869236
236,9,0.022220906
236,10,0.022872163
237,0,0.025480788
237,1,0.02703413
237,2,0.021598119
237,3,0.029817199
237,4,0.027094703
237,5,0.024534862
237,6,0.028360065
237,7,0.02449913
237,8,0.027316354
237,9,0.03025013
237,10,0.033606835
238,0,0.035024121
238,1,0.029225484
238,2,0.028655961
238,3,0.03163746
238,4,0.026594952
238,5,0.028217733
238,6,0.024564359
238,7,0.034975849
238,8,0.02992738
238,9,0.021195695
238,10,0.023881726
239,0,0.026262894
239,1,0.022377264
239,2,0.029255886
239,3,0.024346227
239,4,0.022181019
239,5,0.021448353
239,6,0.019156266
239,7,0.020748042
239,8,0.024270698
239,9,0.026115138
239,10,0.007742036
240,0,0.027077872
240,1,0.022752618
240,2,0.024728
240,3,0.021603364
240,4,0.019808182
240,5,0.018493213
240,6,0.019213375
240,7,0.022224702
240,8,0.017673876
240,9,0.01637619
240,10,0.018041311
241,0,0.018147955
241,1,0.029945072
241,2,0.020872373
241,3,0.020781539
241,4,0.015905192
241,5,0.016378269
241,6,0.020363081
241,7,0.017502045
241,8,0.017890111
241,9,0.021148723
241,10,0.010962029
242,0,0.019817566
242,1,0.01979167
242,2,0.015301833
242,3,0.020696819
242,4,0.023787441
242,5,0.016208719
242,6,0.023473836
242,7,0.017906033
242,8,0.019246235
242,9,0.019170923
242,10,0.021194372
243,0,0.024628349
243,1,0.017049178
243,2,0.017410647
243,3,0.019115463
243,4,0.020325361
243,5,0.020339895
243,6,0.022062033
243,7,0.021590695
243,8,0.023379445
243,9,0.021144772
243,10,0.022891557
244,0,0.021378204
244,1,0.02618731
244,2,0.023467924
244,3,0.016436033
244,4,0.021970516
244,5,0.017965775
244,6,0.017543951
244,7,0.017324546
244,8,0.013772236
244,9,0.015086466
244,10,0.016199069
245,0,0.021772597
245,1,0.019026075
245,2,0.023461023
245,3,0.017274741
245,4,0.017908834
245,5,0.018865991
245,6,0.01593693
245,7,0.016721174
245,8,0.017420623
245,9,0.013933227
245,10,0.019117011
246,0,0.025449868
246,1,0.017008673
246,2,0.018710379
246,3,0.016088694
246,4,0.01884868
246,5,0.019088257
246,6,0.023718821
246,7,0.017671715
246,8,0.023899812
246,9,0.023779679
246,10,0.019173207
247,0,0.01843727
247,1,0.018884882
247,2,0.026350196
247,3,0.020621203
247,4,0.017541192
247,5,0.022881445
247,6,0.017444037
247,7,0.016178016
247,8,0.018621512
247,9,0.019710511
247,10,0.012324504
248,0,0.026471552
248,1,0.01639723
248,2,0.018790063
248,3,0.02169749
248,4,0.014611572
248,5,0.014807401
248,6,0.017605271
248,7,0.014579467
248,8,0.016135883
248,9,0.014049962
248,10,0.009425498
249,0,0.018706892
249,1,0.019576944
249,2,0.014628209
249,3,0.017822992
249,4,0.027175423
249,5,0.02347333
249,6,0.012844686
249,7,0.01656824
249,8,0.016246811
249,9,0.019289669
249,10,0.051500093
250,0,0.023463134
250,1,0.015143953
250,2,0.020407278
250,3,0.018995788
250,4,0.024491204
250,5,0.019230204
250,6,0.015580429
250,7,0.016950898
250,8,0.021605056
250,9,0.023516316
250,10,0.011025702
251,0,0.017446857
251,1,0.014274937
251,2,0.013369768
251,3,0.021704338
251,4,0.020394396
251,5,0.017850736
251,6,0.015038289
251,7,0.016951947
251,8,0.017905559
251,9,0.018264804
251,10,0.0197467
252,0,0.019525852
252,1,0.019797768
252,2,0.017072897
252,3,0.019995086
252,4,0.015168281
252,5,0.016759109
252,6,0.017795017
252,7,0.020185467
252,8,0.015830124
252,9,0.014202918
252,10,0.016362781
253,0,0.019042842
253,1,0.019249775
253,2,0.015747946
253,3,0.019436873
253,4,0.025609452
253,5,0.019736592
253,6,0.020389609
253,7,0.021943407
253,8,0.018531494
253,9,0.017871317
253,10,0.028919257
254,0,0.016448712
254,1,0.015546605
254,2,0.02158674
254,3,0.01418269
254,4,0.01982311
254,5,0.014655054
254,6,0.022120193
254,7,0.0217936
254,8,0.014618623
254,9,0.015178381
254,10,0.019849619
255,0,0.018698795
255,1,0.015788425
255,2,0.020171583
255,3,0.017657598
255,4,0.016639711
255,5,0.013206303
255,6,0.017331477
255,7,0.016337112
255,8,0.018054809
255,9,0.025469538
255,10,0.016816253
256,0,0.017842017
256,1,0.014490196
256,2,0.017365864
256,3,0.015935332
256,4,0.013415311
256,5,0.013605798
256,6,0.012261018
256,7,0.013623971
256,8,0.01834706
256,9,0.018629594
256,10,0.020972304
257,0,0.01923731
257,1,0.022042129
257,2,0.013541843
257,3,0.011675647
257,4,0.018241042
257,5,0.020043813
257,6,0.013528412
257,7,0.015896287
257,8,0.015192592
257,9,0.014510877
257,10,0.015940772
258,0,0.016099211
258,1,0.018482532
258,2,0.019177169
258,3,0.013968308
258,4,0.01892066
258,5,0.017089445
258,6,0.011906518
258,7,0.015738269
258,8,0.014051836
258,9,0.013788324
258,10,0.014523531
259,0,0.009545794
259,1,0.020468492
259,2,0.012114022
259,3,0.019083271
259,4,0.012333902
259,5,0.016831946
259,6,0.014104494
259,7,0.010829444
259,8,0.014777908
259,9,0.013267371
259,10,0.012040465
260,0,0.015406338
260,1,0.018298231
260,2,0.012298096
260,3,0.017368682
260,4,0.013611524
260,5,0.019070163
260,6,0.01122494
260,7,0.01694219
260,8,0.013147618
260,9,0.013863349
260,10,0.012754152
261,0,0.014327094
261,1,0.014297894
261,2,0.017098162
261,3,0.016330056
261,4,0.012017282
261,5,0.016365271
261,6,0.020431399
261,7,0.014936057
261,8,0.013409539
261,9,0.016436828
261,10,0.025889339
262,0,0.015121273
262,1,0.021444714
262,2,0.016697012
262,3,0.016184848
262,4,0.020438142
262,5,0.020289786
262,6,0.024433527
262,7,0.014504879
262,8,0.01714908
262,9,0.018940248
262,10,0.010566397
263,0,0.020883378
263,1,0.023977336
263,2,0.01943092
263,3,0.017455004
263,4,0.017961189
263,5,0.019513717
263,6,0.020184122
263,7,0.021406611
263,8,0.015940031
263,9,0.016602602
263,10,0.017386513
264,0,0.01845332
264,1,0.018652579
264,2,0.019396711
264,3,0.02249039
264,4,0.016706038
264,5,0.013850071
264,6,0.019196011
264,7,0.016114172
264,8,0.019979203
264,9,0.017238377
264,10,0.005883975
265,0,0.012699028
265,1,0.012599325
265,2,0.01370497
265,3,0.011978365
265,4,0.019160787
265,5,0.014721466
265,6,0.011521293
265,7,0.014701781
265,8,0.013711049
265,9,0.013638452
265,10,0.011991248
266,0,0.014632166
266,1,0.018482771
266,2,0.018685203
266,3,0.011965858
266,4,0.015238989
266,5,0.013289446
266,6,0.021371227
266,7,0.013423963
266,8,0.014160308
266,9,0.015673032
266,10,0.016197646
267,0,0.015887447
267,1,0.013207666
267,2,0.013671485
267,3,0.015103602
267,4,0.01267172
267,5,0.01535236
267,6,0.015654255
267,7,0.020450331
267,8,0.017388135
267,9,0.01478029
267,10,0.014263508
268,0,0.020675246
268,1,0.013288707
268,2,0.019622216
268,3,0.017874625
268,4,0.016794633
268,5,0.017477196
268,6,0.013700934
268,7,0.023565542
268,8,0.011945346
268,9,0.018058613
268,10,0.007396004
269,0,0.019461606
269,1,0.014463265
269,2,0.010393804
269,3,0.011536925
269,4,0.014080472
269,5,0.014336231
269,6,0.015812967
269,7,0.01325926
269,8,0.012479007
269,9,0.015481408
269,10,0.057224214
270,0,0.01708746
270,1,0.0133147
270,2,0.016462278
270,3,0.013316298
270,4,0.013139412
270,5,0.014898774
270,6,0.014546094
270,7,0.01063545
270,8,0.012001049
270,9,0.015981428
270,10,0.007396358
271,0,0.014843732
271,1,0.014099285
271,2,0.014394951
271,3,0.014799014
271,4,0.010739059
271,5,0.016049031
271,6,0.019887371
271,7,0.015985459
271,8,0.011554824
271,9,0.016958576
271,10,0.014625353
272,0,0.019408483
272,1,0.017938511
272,2,0.014657632
272,3,0.020739062
272,4,0.013795421
272,5,0.015245024
272,6,0.01441584
272,7,0.016520329
272,8,0.020808503
272,9,0.013891054
272,10,0.023821345
273,0,0.017545041
273,1,0.014480934
273,2,0.018908866
273,3,0.015884262
273,4,0.021779006
273,5,0.016353695
273,6,0.015464756
273,7,0.016169591
273,8,0.019371338
273,9,0.01454431
273,10,0.016227242
274,0,0.016983986
274,1,0.015293133
274,2,0.014831044
274,3,0.015744902
274,4,0.012656797
274,5,0.014240767
274,6,0.014326584
274,7,0.017421747
274,8,0.012973339
274,9,0.015826551
274,10,0.007044646
275,0,0.017840026
275,1,0.012046034
275,2,0.013603484
275,3,0.01662452
275,4,0.015877118
275,5,0.011652969
275,6,0.013366905
275,7,0.015870493
275,8,0.017806128
275,9,0.016588494
275,10,0.022014204
276,0,0.019096056
276,1,0.016738495
276,2,0.018144852
276,3,0.012717778
276,4,0.018908376
276,5,0.017938234
276,6,0.016142083
276,7,0.016446762
276,8,0.016712552
276,9,0.014602609
276,10,0.017529525
277,0,0.011791512
277,1,0.011410752
277,2,0.010913051
277,3,0.01459272
277,4,0.014491276
277,5,0.013679422
277,6,0.017570298
277,7,0.017682284
277,8,0.016256223
277,9,0.012826932
277,10,0.008705361
278,0,0.011058694
278,1,0.013341285
278,2,0.010897767
278,3,0.020337474
278,4,0.012926127
278,5,0.02076575
278,6,0.015870789
278,7,0.016975746
278,8,0.013856946
278,9,0.013111284
278,10,0.014526225
279,0,0.012706495
279,1,0.018382672
279,2,0.01415058
279,3,0.014242384
279,4,0.017857444
279,5,0.014280872
279,6,0.019518349
279,7,0.01382916
279,8,0.014912223
279,9,0.0149263
279,10,0.017264245
280,0,0.013635507
280,1,0.013095507
280,2,0.012863318
280,3,0.017387697
280,4,0.013250906
280,5,0.013234111
280,6,0.014683651
280,7,0.015280521
280,8,0.014023449
280,9,0.020699935
280,10,0.014636719
281,0,0.010413563
281,1,0.011648001
281,2,0.012515882
281,3,0.010665826
281,4,0.01388377
281,5,0.013795641
281,6,0.016100885
281,7,0.012431457
281,8,0.012374824
281,9,0.016682293
281,10,0.017412303
282,0,0.017158935
282,1,0.016806904
282,2,0.014186237
282,3,0.012555569
282,4,0.01462409
282,5,0.016660802
282,6,0.010761535
282,7,0.013135402
282,8,0.015253949
282,9,0.015007864
282,10,0.003438267
283,0,0.014057375
283,1,0.010962536
283,2,0.016381633
283,3,0.01490062
283,4,0.010403296
283,5,0.014767112
283,6,0.012883018
283,7,0.013326813
283,8,0.01199706
283,9,0.015689377
283,10,0.016450249
284,0,0.014298333
284,1,0.013088184
284,2,0.015744429
284,3,0.01174166
284,4,0.008528786
284,5,0.012204491
284,6,0.01016362
284,7,0.01027958
284,8,0.014812265
284,9,0.012790073
284,10,0.011122968
285,0,0.013428947
285,1,0.013420395
285,2,0.014021117
285,3,0.012360357
285,4,0.011856466
285,5,0.016963523
285,6,0.013207801
285,7,0.013337489
285,8,0.014499001
285,9,0.012497227
285,10,0.021152481
286,0,0.018663531
286,1,0.011587176
286,2,0.014763502
286,3,0.01735864
286,4,0.011672862
286,5,0.013372097
286,6,0.012687782
286,7,0.012448261
286,8,0.011186482
286,9,0.01458958
286,10,0.009997587
287,0,0.020828037
287,1,0.015833301
287,2,0.01784922
287,3,0.012716291
287,4,0.016301276
287,5,0.012865536
287,6,0.010010406
287,7,0.01789495
287,8,0.011304814
287,9,0.018238176
287,10,0.014261897
288,0,0.019642383
288,1,0.014572954
288,2,0.018999361
288,3,0.015310895
288,4,0.01654158
288,5,0.0131087
288,6,0.015390215
288,7,0.015251997
288,8,0.016431035
288,9,0.011521925
288,10,0.015455959
289,0,0.015708722
289,1,0.01712852
289,2,0.010490073
289,3,0.016243333
289,4,0.013986694
289,5,0.013521627
289,6,0.013265864
289,7,0.012647696
289,8,0.013776641
289,9,0.013564353
289,10,0.018204503
290,0,0.017669011
290,1,0.016345222
290,2,0.014002459
290,3,0.014722269
290,4,0.009861235
290,5,0.01489903
290,6,0.018703889
290,7,0.016177788
290,8,0.015092967
290,9,0.014929544
290,10,0.022843333
291,0,0.013946074
291,1,0.014888115
291,2,0.015860891
291,3,0.011465407
291,4,0.014284637
291,5,0.012442552
291,6,0.022591982
291,7,0.017490525
291,8,0.016859993
291,9,0.012803139
291,10,0.021699224
292,0,0.019354668
292,1,0.014700373
292,2,0.018567214
292,3,0.015610394
292,4,0.017598463
292,5,0.018458227
292,6,0.014297515
292,7,0.016007408
292,8,0.014013022
292,9,0.013699085
292,10,0.011174747
293,0,0.013457019
293,1,0.016505063
293,2,0.014190772
293,3,0.016069729
293,4,0.01360322
293,5,0.017184673
293,6,0.01578965
293,7,0.015564311
293,8,0.017783124
293,9,0.01414541
293,10,0.007560546
294,0,0.014509916
294,1,0.017399583
294,2,0.015345443
294,3,0.020641306
294,4,0.014010325
294,5,0.013781704
294,6,0.01831462
294,7,0.014188621
294,8,0.018517589
294,9,0.014257802
294,10,0.00891345
295,0,0.013546487
295,1,0.012860608
295,2,0.013674977
295,3,0.013401988
295,4,0.01355494
295,5,0.012493775
295,6,0.01329703
295,7,0.021259505
295,8,0.014521008
295,9,0.009427467
295,10,0.02506496
296,0,0.015434188
296,1,0.013418566
296,2,0.013164219
296,3,0.012331432
296,4,0.010851473
296,5,0.01153284
296,6,0.014724959
296,7,0.012142789
296,8,0.013123641
296,9,0.009282017
296,10,0.016552037
297,0,0.013308382
297,1,0.015302914
297,2,0.012041273
297,3,0.010171438
297,4,0.015037218
297,5,0.009532422
297,6,0.013686007
297,7,0.013338022
297,8,0.014843232
297,9,0.014673282
297,10,0.009571451
298,0,0.016448835
298,1,0.012642256
298,2,0.011606345
298,3,0.013215299
298,4,0.014085189
298,5,0.01266622
298,6,0.010863894
298,7,0.011784901
298,8,0.013086583
298,9,0.013397448
298,10,0.009303254
299,0,0.011354068
299,1,0.015802506
299,2,0.014060574
299,3,0.012530586
299,4,0.012809062
299,5,0.012650935
299,6,0.010213405
299,7,0.020564023
299,8,0.015370248
299,9,0.015220135
299,10,0.007595904
300,0,0.015954819
300,1,0.015725793
300,2,0.014093217
300,3,0.011129336
300,4,0.016622212
300,5,0.012389568
300,6,0.017888866
300,7,0.012383039
300,8,0.011800246
300,9,0.013876271
300,10,0.022962106
301,0,0.013382178
301,1,0.016613884
301,2,0.010172771
301,3,0.010924459
301,4,0.013138383
301,5,0.016587839
301,6,0.013576455
301,7,0.015677877
301,8,0.012540381
301,9,0.017717427
301,10,0.007531366
302,0,0.015150605
302,1,0.013811162
302,2,0.022098746
302,3,0.018334391
302,4,0.016445562
302,5,0.015226364
302,6,0.012838791
302,7,0.013844855
302,8,0.015111952
302,9,0.013461411
302,10,0.018629925
303,0,0.014997045
303,1,0.016383693
303,2,0.014769606
303,3,0.01199989
303,4,0.016093243
303,5,0.01548096
303,6,0.017518183
303,7,0.023412481
303,8,0.021617809
303,9,0.020614855
303,10,0.012362964
304,0,0.015293662
304,1,0.019640088
304,2,0.01484616
304,3,0.018157512
304,4,0.016399551
304,5,0.020520849
304,6,0.015831098
304,7,0.015206319
304,8,0.01570138
304,9,0.014194917
304,10,0.008796256
305,0,0.013579141
305,1,0.015495345
305,2,0.013863409
305,3,0.014521472
305,4,0.013305299
305,5,0.015992183
305,6,0.014447706
305,7,0.016353592
305,8,0.016312663
305,9,0.01339924
305,10,0.023226544
306,0,0.013754865
306,1,0.01343118
306,2,0.012383974
306,3,0.013535278
306,4,0.011178571
306,5,0.014253382
306,6,0.016290732
306,7,0.012654271
306,8,0.014186276
306,9,0.013838995
306,10,0.015502395
307,0,0.01176073
307,1,0.015827304
307,2,0.015305467
307,3,0.01305595
307,4,0.012405537
307,5,0.012343454
307,6,0.016020946
307,7,0.011373
307,8,0.012524864
307,9,0.011127418
307,10,0.013594177
308,0,0.01173931
308,1,0.01207535
308,2,0.012200171
308,3,0.01276096
308,4,0.01016217
308,5,0.013975393
308,6,0.011207893
308,7,0.009618971
308,8,0.009745859
308,9,0.010226995
308,10,0.010522851
309,0,0.01449078
309,1,0.0133759
309,2,0.014372531
309,3,0.013228514
309,4,0.011447974
309,5,0.012037891
309,6,0.012029454
309,7,0.016304921
309,8,0.013438074
309,9,0.011804126
309,10,0.017072996
310,0,0.012140844
310,1,0.016501203
310,2,0.00872677
310,3,0.018017311
310,4,0.011835402
310,5,0.012800911
310,6,0.00847367
310,7,0.016107809
310,8,0.012145866
310,9,0.013518351
310,10,0.004617452
311,0,0.013301604
311,1,0.014757489
311,2,0.012646848
311,3,0.013740461
311,4,0.012812763
311,5,0.012210716
311,6,0.012165904
311,7,0.013557214
311,8,0.010234833
311,9,0.017746409
311,10,0.011414181
312,0,0.018002503
312,1,0.013320752
312,2,0.018346952
312,3,0.01573706
312,4,0.0150434
312,5,0.015113146
312,6,0.02065073
312,7,0.011912613
312,8,0.011265339
312,9,0.017318353
312,10,0.004955793
313,0,0.012950623
313,1,0.015586053
313,2,0.009103756
313,3,0.013481
313,4,0.011812575
313,5,0.014765643
313,6,0.01399143
313,7,0.01484723
313,8,0.021104373
313,9,0.01406155
313,10,0.016264923
314,0,0.012914596
314,1,0.014063348
314,2,0.017223146
314,3,0.016534964
314,4,0.012572477
314,5,0.018645298
314,6,0.01749151
314,7,0.012206461
314,8,0.012441836
314,9,0.013341407
314,10,0.018929161
315,0,0.012125647
315,1,0.013248667
315,2,0.012087188
315,3,0.018897176
315,4,0.012322042
315,5,0.01443846
315,6,0.012126666
315,7,0.012361404
315,8,0.013865928
315,9,0.012076756
315,10,0.013829017
316,0,0.010312011
316,1,0.012974881
316,2,0.011319954
316,3,0.010899663
316,4,0.012055888
316,5,0.010804558
316,6,0.011275761
316,7,0.012225879
316,8,0.010453059
316,9,0.011017166
316,10,0.005455883
317,0,0.010602222
317,1,0.011422647
317,2,0.016746813
317,3,0.012713621
317,4,0.01383888
317,5,0.013461754
317,6,0.008139815
317,7,0.013475038
317,8,0.014155915
317,9,0.015041367
317,10,0.014538052
318,0,0.015249848
318,1,0.010822752
318,2,0.015078011
318,3,0.013056878
318,4,0.011309704
318,5,0.015621806
318,6,0.011093398
318,7,0.012492818
318,8,0.011379443
318,9,0.01461468
318,10,0.011575508
319,0,0.012467781
319,1,0.012939548
319,2,0.009560229
319,3,0.010640386
319,4,0.0126475
319,5,0.014519988
319,6,0.017293498
319,7,0.011693018
319,8,0.010030989
319,9,0.013480235
319,10,0.004440844
320,0,0.012868643
320,1,0.013433963
320,2,0.011598594
320,3,0.015134906
320,4,0.010472199
320,5,0.014827128
320,6,0.013619553
320,7,0.012912635
320,8,0.010039702
320,9,0.018968504
320,10,0.010000816
321,0,0.010467676
321,1,0.01227601
321,2,0.012180546
321,3,0.015101726
321,4,0.013016278
321,5,0.01344887
321,6,0.008991884
321,7,0.014983092
321,8,0.011120392
321,9,0.011873976
321,10,0.014185821
322,0,0.011229761
322,1,0.013472402
322,2,0.013303634
322,3,0.011416278
322,4,0.011162762
322,5,0.011413849
322,6,0.011164957
322,7,0.009361745
322,8,0.012292454
322,9,0.010958322
322,10,0.007578403
323,0,0.011136155
323,1,0.010641876
323,2,0.012284152
323,3,0.017299958
323,4,0.012906844
323,5,0.012217531
323,6,0.01180248
323,7,0.012645258
323,8,0.010752078
323,9,0.01225768
323,10,0.01372557
324,0,0.012230385
324,1,0.01105679
324,2,0.013094135
324,3,0.011970596
324,4,0.010665461
324,5,0.011176981
324,6,0.012040984
324,7,0.011842411
324,8,0.021259222
324,9,0.012178115
324,10,0.006919206
325,0,0.016059311
325,1,0.01481234
325,2,0.016922273
325,3,0.012448031
325,4,0.012416419
325,5,0.017297968
325,6,0.012659011
325,7,0.01568101
325,8,0.012641756
325,9,0.015064549
325,10,0.010409234
326,0,0.015518038
326,1,0.011602217
326,2,0.012428976
326,3,0.011977874
326,4,0.012045322
326,5,0.011211991
326,6,0.011960289
326,7,0.014572179
326,8,0.014475492
326,9,0.016420003
326,10,0.021748217
327,0,0.009943258
327,1,0.010522427
327,2,0.008900996
327,3,0.010190009
327,4,0.013104253
327,5,0.012091234
327,6,0.012860451
327,7,0.011126365
327,8,0.009242062
327,9,0.010016093
327,10,0.004242611
328,0,0.012480431
328,1,0.009976631
328,2,0.01226954
328,3,0.012039317
328,4,0.008907495
328,5,0.010306062
328,6,0.0096489
328,7,0.011633279
328,8,0.010168858
328,9,0.011118216
328,10,0.012470955
329,0,0.014342172
329,1,0.01301043
329,2,0.0136464
329,3,0.012710016
329,4,0.012747641
329,5,0.010491426
329,6,0.011664543
329,7,0.013164214
329,8,0.01094371
329,9,0.020439511
329,10,0.008172661
330,0,0.016810531
330,1,0.017951448
330,2,0.014748806
330,3,0.017308801
330,4,0.017677899
330,5,0.013745008
330,6,0.020850983
330,7,0.015648875
330,8,0.012878578
330,9,0.014896076
330,10,0.017049488
331,0,0.015298261
331,1,0.01634272
331,2,0.013213754
331,3,0.01592011
331,4,0.017276231
331,5,0.017732359
331,6,0.012549227
331,7,0.012725086
331,8,0.012342989
331,9,0.017930511
331,10,0.008490471
332,0,0.012312571
332,1,0.021203492
332,2,0.014294005
332,3,0.015553641
332,4,0.014747895
332,5,0.01035139
332,6,0.01367316
332,7,0.012019066
332,8,0.012430439
332,9,0.013535319
332,10,0.01209081
333,0,0.014366012
333,1,0.012473372
333,2,0.013784805
333,3,0.014785215
333,4,0.013325376
333,5,0.018373562
333,6,0.010815724
333,7,0.014406016
333,8,0.011914058
333,9,0.010041941
333,10,0.007627178
334,0,0.013511934
334,1,0.011629477
334,2,0.011260819
334,3,0.012670975
334,4,0.013891969
334,5,0.015983749
334,6,0.009453887
334,7,0.013040321
334,8,0.010390236
334,9,0.012332568
334,10,0.015702724
335,0,0.011162868
335,1,0.010443745
335,2,0.012400214
335,3,0.012621293
335,4,0.009797653
335,5,0.011944533
335,6,0.011835111
335,7,0.010860974
335,8,0.015030572
335,9,0.014932252
335,10,0.009734058
336,0,0.01142839
336,1,0.018527718
336,2,0.014981601
336,3,0.012813413
336,4,0.011447847
336,5,0.010796348
336,6,0.015632283
336,7,0.01344565
336,8,0.010330148
336,9,0.011287024
336,10,0.015796743
337,0,0.01253064
337,1,0.013825128
337,2,0.009830793
337,3,0.018523978
337,4,0.013295505
337,5,0.010977109
337,6,0.012655255
337,7,0.009431018
337,8,0.013686912
337,9,0.011733124
337,10,0.006898168
338,0,0.00956386
338,1,0.014016397
338,2,0.01175237
338,3,0.01293411
338,4,0.018901173
338,5,0.014713578
338,6,0.010909697
338,7,0.00843841
338,8,0.010387979
338,9,0.010165777
338,10,0.008386111
339,0,0.018251479
339,1,0.022025209
339,2,0.012484021
339,3,0.013952486
339,4,0.014207764
339,5,0.014944062
339,6,0.016428124
339,7,0.013311375
339,8,0.015178015
339,9,0.015724285
339,10,0.013203936
340,0,0.014745828
340,1,0.015284544
340,2,0.01381086
340,3,0.015342088
340,4,0.016605031
340,5,0.012000372
340,6,0.019186342
340,7,0.011076957
340,8,0.011854791
340,9,0.011458457
340,10,0.008407563
341,0,0.011389801
341,1,0.011925329
341,2,0.010495664
341,3,0.012913663
341,4,0.011553869
341,5,0.013553896
341,6,0.010417639
341,7,0.015836112
341,8,0.016686082
341,9,0.011713375
341,10,0.009842156
342,0,0.013785523
342,1,0.012650063
342,2,0.014087548
342,3,0.012372069
342,4,0.011063453
342,5,0.012444656
342,6,0.011924768
342,7,0.014455598
342,8,0.012540031
342,9,0.011350304
342,10,0.017883377
343,0,0.014322922
343,1,0.018033437
343,2,0.013463782
343,3,0.011236468
343,4,0.02086864
343,5,0.014957555
343,6,0.010134302
343,7,0.010807659
343,8,0.010780723
343,9,0.013040317
343,10,0.016731042
344,0,0.014569872
344,1,0.014990673
344,2,0.015068223
344,3,0.012775393
344,4,0.014535994
344,5,0.01409482
344,6,0.013837619
344,7,0.016490556
344,8,0.012192318
344,9,0.014619604
344,10,0.008506188
345,0,0.012937773
345,1,0.012897785
345,2,0.015329571
345,3,0.011664875
345,4,0.011662096
345,5,0.016450904
345,6,0.012336641
345,7,0.011253079
345,8,0.009251317
345,9,0.014633449
345,10,0.004394213
346,0,0.012942547
346,1,0.011656312
346,2,0.013108371
346,3,0.012160587
346,4,0.011885348
346,5,0.018679498
346,6,0.00904336
346,7,0.009512961
346,8,0.013050184
346,9,0.012556741
346,10,0.008259963
347,0,0.011099816
347,1,0.01177279
347,2,0.009598136
347,3,0.011985108
347,4,0.010603691
347,5,0.011080067
347,6,0.011493824
347,7,0.010451013
347,8,0.01619111
347,9,0.008928617
347,10,0.053542521
348,0,0.008535784
348,1,0.012569648
348,2,0.016572248
348,3,0.010400128
348,4,0.010872305
348,5,0.009348811
348,6,0.012702283
348,7,0.008604106
348,8,0.01116767
348,9,0.009281201
348,10,0.00706544
349,0,0.011892091
349,1,0.011127803
349,2,0.012584034
349,3,0.013219182
349,4,0.013330853
349,5,0.014323945
349,6,0.013463395
349,7,0.009026613
349,8,0.012071313
349,9,0.01143194
349,10,0.014027904
350,0,0.013659006
350,1,0.010365743
350,2,0.009658831
350,3,0.012005292
350,4,0.013057828
350,5,0.011086035
350,6,0.01089327
350,7,0.009280921
350,8,0.008883636
350,9,0.010689462
350,10,0.003816574
351,0,0.012606436
351,1,0.010222072
351,2,0.012828013
351,3,0.013140773
351,4,0.011084999
351,5,0.012714732
351,6,0.008590192
351,7,0.011484518
351,8,0.011321055
351,9,0.014433824
351,10,0.010052535
352,0,0.013591764
352,1,0.013009222
352,2,0.011369009
352,3,0.010604317
352,4,0.012721919
352,5,0.014180798
352,6,0.01580295
352,7,0.013013827
352,8,0.010981511
352,9,0.010073246
352,10,0.005732622
353,0,0.013323376
353,1,0.013630461
353,2,0.014896934
353,3,0.013559258
353,4,0.015474546
353,5,0.011450931
353,6,0.01160322
353,7,0.012891743
353,8,0.013675488
353,9,0.012212565
353,10,0.010337166
354,0,0.012395235
354,1,0.01115285
354,2,0.018384645
354,3,0.009616347
354,4,0.011519337
354,5,0.012177518
354,6,0.010900277
354,7,0.011630712
354,8,0.016247455
354,9,0.015066098
354,10,0.008793202
355,0,0.007965405
355,1,0.009980377
355,2,0.009543126
355,3,0.010217821
355,4,0.010469714
355,5,0.015105024
355,6,0.012670659
355,7,0.010207813
355,8,0.018349651
355,9,0.011258505
355,10,0.017804537
356,0,0.011688014
356,1,0.011356952
356,2,0.008508307
356,3,0.013655307
356,4,0.010889341
356,5,0.008632279
356,6,0.012892706
356,7,0.009475933
356,8,0.00957609
356,9,0.010897728
356,10,0.010812188
357,0,0.007126953
357,1,0.012061587
357,2,0.01046861
357,3,0.008940283
357,4,0.008465186
357,5,0.011065912
357,6,0.011409503
357,7,0.011366136
357,8,0.012559616
357,9,0.010003952
357,10,0.007609572
358,0,0.011565514
358,1,0.013532422
358,2,0.011636371
358,3,0.011800088
358,4,0.018684171
358,5,0.014529941
358,6,0.01277121
358,7,0.011390625
358,8,0.009955281
358,9,0.014678492
358,10,0.00458515
359,0,0.010365704
359,1,0.014963354
359,2,0.011578053
359,3,0.010264393
359,4,0.009028196
359,5,0.011572706
359,6,0.012094066
359,7,0.009923596
359,8,0.012628853
359,9,0.012292392
359,10,0.011762976
360,0,0.011406738
360,1,0.010634583
360,2,0.012099981
360,3,0.015013754
360,4,0.012502974
360,5,0.013236228
360,6,0.014674257
360,7,0.020762715
360,8,0.015675105
360,9,0.01026544
360,10,0.022258421
361,0,0.011765962
361,1,0.011475108
361,2,0.012715833
361,3,0.011849172
361,4,0.016369469
361,5,0.010564378
361,6,0.011371071
361,7,0.010988993
361,8,0.013157483
361,9,0.013125558
361,10,0.013666973
362,0,0.010733851
362,1,0.008403176
362,2,0.012779182
362,3,0.010334485
362,4,0.011015981
362,5,0.009202611
362,6,0.015201554
362,7,0.011641497
362,8,0.009265948
362,9,0.011378057
362,10,0.010964668
363,0,0.014804239
363,1,0.013147465
363,2,0.010961516
363,3,0.010965484
363,4,0.010910626
363,5,0.010086207
363,6,0.009110491
363,7,0.0117909
363,8,0.011089744
363,9,0.009794724
363,10,0.010974698
364,0,0.016811727
364,1,0.012232479
364,2,0.011878035
364,3,0.017087292
364,4,0.012827367
364,5,0.013955481
364,6,0.014181145
364,7,0.012999671
364,8,0.012773775
364,9,0.018091846
364,10,0.033507299
365,0,0.024416376
365,1,0.029323412
365,2,0.016320938
365,3,0.021320462
365,4,0.015818151
365,5,0.01909071
365,6,0.016712181
365,7,0.017078757
365,8,0.01480423
365,9,0.013895099
365,10,0.016947055
366,0,0.024716957
366,1,0.03052734
366,2,0.014042741
366,3,0.014298912
366,4,0.01830826
366,5,0.015277931
366,6,0.013953686
366,7,0.018918255
366,8,0.014090743
366,9,0.013987746
366,10,0.061299615
367,0,0.013608487
367,1,0.01447855
367,2,0.01413474
367,3,0.012093229
367,4,0.009861451
367,5,0.012333894
367,6,0.011249268
367,7,0.013638199
367,8,0.010485543
367,9,0.010876046
367,10,0.009229867
368,0,0.00978346
368,1,0.010220993
368,2,0.013172836
368,3,0.010144902
368,4,0.012117298
368,5,0.014531309
368,6,0.012373865
368,7,0.012902558
368,8,0.013039242
368,9,0.013083514
368,10,0.019921089
369,0,0.012458548
369,1,0.013937239
369,2,0.010790695
369,3,0.013678377
369,4,0.010693163
369,5,0.009839332
369,6,0.013670049
369,7,0.013583372
369,8,0.010903339
369,9,0.009426231
369,10,0.007799758
370,0,0.008288767
370,1,0.007889692
370,2,0.011625731
370,3,0.010837896
370,4,0.009764552
370,5,0.009429609
370,6,0.01032466
370,7,0.008569665
370,8,0.010571516
370,9,0.010279447
370,10,0.013355383
371,0,0.021923658
371,1,0.020674277
371,2,0.012838884
371,3,0.020350389
371,4,0.020884059
371,5,0.017344553
371,6,0.014021715
371,7,0.015998505
371,8,0.014712032
371,9,0.013899402
371,10,0.015011918
372,0,0.014975235
372,1,0.013015266
372,2,0.015208104
372,3,0.015406942
372,4,0.015755396
372,5,0.017393459
372,6,0.018281542
372,7,0.010731596
372,8,0.013541954
372,9,0.008711527
372,10,0.015328127
373,0,0.011401037
373,1,0.010234908
373,2,0.009724811
373,3,0.019752482
373,4,0.010545677
373,5,0.009990077
373,6,0.011087978
373,7,0.015106506
373,8,0.012027498
373,9,0.009430281
373,10,0.00712418
374,0,0.014264083
374,1,0.013391071
374,2,0.011332813
374,3,0.012638761
374,4,0.009022935
374,5,0.013735319
374,6,0.012046829
374,7,0.008433871
374,8,0.011236569
374,9,0.00778223
374,10,0.008832877
375,0,0.011594798
375,1,0.00885573
375,2,0.009733994
375,3,0.011110282
375,4,0.006814595
375,5,0.01035332
375,6,0.009635151
375,7,0.007448065
375,8,0.009918883
375,9,0.009809696
375,10,0.016953612
376,0,0.009914233
376,1,0.008151574
376,2,0.0073875
376,3,0.007155628
376,4,0.008769439
376,5,0.009092577
376,6,0.009552684
376,7,0.015934218
376,8,0.015296995
376,9,0.00816505
376,10,0.011223406
377,0,0.009234577
377,1,0.009716151
377,2,0.012354452
377,3,0.006813237
377,4,0.009094436
377,5,0.008745496
377,6,0.008578994
377,7,0.008329792
377,8,0.008755622
377,9,0.008236188
377,10,0.006130874
378,0,0.008987126
378,1,0.01038938
378,2,0.00950747
378,3,0.011150504
378,4,0.00921699
378,5,0.011496108
378,6,0.014728494
378,7,0.010920431
378,8,0.008433195
378,9,0.011216197
378,10,0.006130758
379,0,0.009080228
379,1,0.016858615
379,2,0.011195835
379,3,0.00733515
379,4,0.011698556
379,5,0.017057855
379,6,0.013217282
379,7,0.008994308
379,8,0.009012414
379,9,0.013953956
379,10,0.004019792
380,0,0.010373725
380,1,0.010962604
380,2,0.012030532
380,3,0.012681816
380,4,0.010536233
380,5,0.012347931
380,6,0.008871568
380,7,0.013195671
380,8,0.009813569
380,9,0.011173115
380,10,0.006237689
381,0,0.012479546
381,1,0.008968821
381,2,0.008198973
381,3,0.009092668
381,4,0.010082731
381,5,0.008626781
381,6,0.011455279
381,7,0.008190336
381,8,0.008689289
381,9,0.008831139
381,10,0.012112887
382,0,0.01040936
382,1,0.011513561
382,2,0.011765799
382,3,0.007779734
382,4,0.013780365
382,5,0.009965928
382,6,0.011392932
382,7,0.009912565
382,8,0.009121707
382,9,0.009476113
382,10,0.006949526
383,0,0.012288698
383,1,0.011726341
383,2,0.010817605
383,3,0.011665745
383,4,0.013118977
383,5,0.017034154
383,6,0.010586687
383,7,0.011498461
383,8,0.010580019
383,9,0.010071922
383,10,0.012152784
384,0,0.01156037
384,1,0.011946619
384,2,0.011007147
384,3,0.01120798
384,4,0.009033509
384,5,0.010666508
384,6,0.010518916
384,7,0.016087398
384,8,0.009993615
384,9,0.011473289
384,10,0.008544966
385,0,0.011243077
385,1,0.012620891
385,2,0.011102246
385,3,0.014742248
385,4,0.015214149
385,5,0.013979684
385,6,0.015166776
385,7,0.013118617
385,8,0.010853299
385,9,0.013156129
385,10,0.007466305
386,0,0.009075817
386,1,0.012197109
386,2,0.010116935
386,3,0.019895611
386,4,0.009847905
386,5,0.01272042
386,6,0.008797373
386,7,0.010207299
386,8,0.011509327
386,9,0.011335788
386,10,0.008225872
387,0,0.009904449
387,1,0.01067139
387,2,0.009239585
387,3,0.008164988
387,4,0.010395739
387,5,0.01252012
387,6,0.00954992
387,7,0.009448355
387,8,0.009576442
387,9,0.010504046
387,10,0.013595723
388,0,0.009777514
388,1,0.010175593
388,2,0.009288734
388,3,0.009001635
388,4,0.010683576
388,5,0.010359442
388,6,0.010087846
388,7,0.007896309
388,8,0.015217932
388,9,0.011189064
388,10,0.009490532
389,0,0.00975316
389,1,0.008833001
389,2,0.007967088
389,3,0.011236801
389,4,0.008235773
389,5,0.010169134
389,6,0.011788297
389,7,0.016121831
389,8,0.010306111
389,9,0.011679458
389,10,0.01215632
390,0,0.012715367
390,1,0.009206816
390,2,0.013244292
390,3,0.01244298
390,4,0.009235531
390,5,0.011385797
390,6,0.010776154
390,7,0.009696055
390,8,0.010002827
390,9,0.008690257
390,10,0.00655086
391,0,0.015239263
391,1,0.010151324
391,2,0.008703828
391,3,0.010831514
391,4,0.009202876
391,5,0.008477662
391,6,0.010350263
391,7,0.009577018
391,8,0.010719152
391,9,0.010411479
391,10,0.005682242
392,0,0.012154434
392,1,0.011145756
392,2,0.010148214
392,3,0.011505089
392,4,0.010875821
392,5,0.009192295
392,6,0.007469221
392,7,0.00926863
392,8,0.00873874
392,9,0.007477507
392,10,0.005213438
393,0,0.010064203
393,1,0.007873898
393,2,0.011994631
393,3,0.012014221
393,4,0.008855183
393,5,0.009084456
393,6,0.009749588
393,7,0.011293579
393,8,0.008381613
393,9,0.012916191
393,10,0.018486995
394,0,0.016050911
394,1,0.009519223
394,2,0.008282857
394,3,0.009271869
394,4,0.010967697
394,5,0.010856625
394,6,0.01080558
394,7,0.010320974
394,8,0.011165354
394,9,0.008962521
394,10,0.007074082
395,0,0.006896155
395,1,0.011924861
395,2,0.009727357
395,3,0.008945387
395,4,0.007546457
395,5,0.010224623
395,6,0.014286635
395,7,0.014373248
395,8,0.007454588
395,9,0.011608673
395,10,0.008614655
396,0,0.0121631
396,1,0.009407932
396,2,0.010368098
396,3,0.016643468
396,4,0.010281002
396,5,0.014616108
396,6,0.00995914
396,7,0.010526976
396,8,0.013610061
396,9,0.010002736
396,10,0.011850058
397,0,0.01555014
397,1,0.011261208
397,2,0.011529693
397,3,0.013011594
397,4,0.00990684
397,5,0.015053314
397,6,0.010925438
397,7,0.010639034
397,8,0.011550689
397,9,0.008172039
397,10,0.015432419
398,0,0.010452557
398,1,0.012285892
398,2,0.008785671
398,3,0.015365367
398,4,0.014216776
398,5,0.010607148
398,6,0.015139243
398,7,0.010654183
398,8,0.010686079
398,9,0.010725193
398,10,0.009192549
399,0,0.017219678
399,1,0.01559421
399,2,0.010177355
399,3,0.012663046
399,4,0.012906397
399,5,0.009820167
399,6,0.009051813
399,7,0.010058356
399,8,0.012368108
399,9,0.007691519
399,10,0.003217143
400,0,0.010693517
400,1,0.009680995
400,2,0.009209395
400,3,0.010274377
400,4,0.009240328
400,5,0.008648641
400,6,0.010047732
400,7,0.009384785
400,8,0.009460995
400,9,0.015221178
400,10,0.006805965
401,0,0.01244849
401,1,0.008435808
401,2,0.011406093
401,3,0.008830952
401,4,0.016962063
401,5,0.015573581
401,6,0.009967854
401,7,0.009143506
401,8,0.009424576
401,9,0.008491822
401,10,0.010109107
402,0,0.011302009
402,1,0.008224953
402,2,0.010304134
402,3,0.008703255
402,4,0.009728415
402,5,0.013852283
402,6,0.009020517
402,7,0.009673009
402,8,0.007498214
402,9,0.010021225
402,10,0.018085472
403,0,0.009639981
403,1,0.009401509
403,2,0.01314438
403,3,0.01052383
403,4,0.009822779
403,5,0.011980037
403,6,0.012260223
403,7,0.009857979
403,8,0.00886611
403,9,0.012391567
403,10,0.010965479
404,0,0.012518618
404,1,0.011530435
404,2,0.014708943
404,3,0.021760672
404,4,0.012149888
404,5,0.011167502
404,6,0.011961964
404,7,0.007109336
404,8,0.01286428
404,9,0.008924814
404,10,0.008125323
405,0,0.019764476
405,1,0.012076434
405,2,0.011642871
405,3,0.009903701
405,4,0.01020918
405,5,0.009275718
405,6,0.010986136
405,7,0.008561029
405,8,0.013843147
405,9,0.00939678
405,10,0.011254568
406,0,0.009976932
406,1,0.009949965
406,2,0.009402797
406,3,0.008688637
406,4,0.011320796
406,5,0.014292316
406,6,0.008802924
406,7,0.008686624
406,8,0.007899546
406,9,0.01041002
406,10,0.003812872
407,0,0.009589657
407,1,0.009323288
407,2,0.015444821
407,3,0.008508925
407,4,0.018013684
407,5,0.00877716
407,6,0.007898594
407,7,0.007135948
407,8,0.008853147
407,9,0.008802874
407,10,0.007869407
408,0,0.010041099
408,1,0.011767198
408,2,0.010304118
408,3,0.009780866
408,4,0.013362693
408,5,0.011191146
408,6,0.008619428
408,7,0.009162618
408,8,0.008434184
408,9,0.012753506
408,10,0.011400968
409,0,0.012484355
409,1,0.012580115
409,2,0.010039978
409,3,0.012368293
409,4,0.012826901
409,5,0.00892797
409,6,0.016307488
409,7,0.009750046
409,8,0.009903977
409,9,0.018751178
409,10,0.005832889
410,0,0.011574845
410,1,0.017166711
410,2,0.018121824
410,3,0.013424589
410,4,0.013144507
410,5,0.011303444
410,6,0.014899117
410,7,0.013645838
410,8,0.013780919
410,9,0.01047765
410,10,0.01218777
411,0,0.012544664
411,1,0.011756528
411,2,0.014966547
411,3,0.01472651
411,4,0.012728199
411,5,0.014755951
411,6,0.013864862
411,7,0.019069072
411,8,0.008925317
411,9,0.016679009
411,10,0.021982644
412,0,0.017200589
412,1,0.020282092
412,2,0.019860135
412,3,0.015422173
412,4,0.015914723
412,5,0.018163357
412,6,0.02257457
412,7,0.01384373
412,8,0.016969735
412,9,0.013229453
412,10,0.007564599
413,0,0.015473496
413,1,0.019430432
413,2,0.013137844
413,3,0.012350239
413,4,0.013168372
413,5,0.012453711
413,6,0.010559853
413,7,0.013577054
413,8,0.016520703
413,9,0.012920497
413,10,0.008184521
414,0,0.016115626
414,1,0.016201567
414,2,0.013257375
414,3,0.015411064
414,4,0.014131892
414,5,0.011569035
414,6,0.012583665
414,7,0.011685299
414,8,0.0121895
414,9,0.013460151
414,10,0.011708061
415,0,0.016190823
415,1,0.010590783
415,2,0.013985449
415,3,0.01275175
415,4,0.010506314
415,5,0.013305055
415,6,0.011703307
415,7,0.009767047
415,8,0.012258471
415,9,0.011972097
415,10,0.006993946
416,0,0.008067838
416,1,0.006567767
416,2,0.009067705
416,3,0.011041159
416,4,0.012972511
416,5,0.009104745
416,6,0.008737827
416,7,0.012113999
416,8,0.010796645
416,9,0.007397333
416,10,0.006931834
417,0,0.014311146
417,1,0.009885859
417,2,0.00927024
417,3,0.014458532
417,4,0.007824544
417,5,0.008740978
417,6,0.007050745
417,7,0.009813188
417,8,0.008240147
417,9,0.007088931
417,10,0.007695556
418,0,0.009692196
418,1,0.007783297
418,2,0.014968254
418,3,0.008347647
418,4,0.015327451
418,5,0.010498607
418,6,0.00826084
418,7,0.007101798
418,8,0.008445753
418,9,0.008195596
418,10,0.016050154
419,0,0.010653341
419,1,0.00763349
419,2,0.008747436
419,3,0.008344293
419,4,0.008571552
419,5,0.00873898
419,6,0.010056554
419,7,0.008020669
419,8,0.006282446
419,9,0.006465533
419,10,0.009965894
420,0,0.009975274
420,1,0.006989731
420,2,0.010759236
420,3,0.009069403
420,4,0.008032185
420,5,0.007444369
420,6,0.010084044
420,7,0.0081443
420,8,0.012997666
420,9,0.008914676
420,10,0.005511264
421,0,0.010404782
421,1,0.008374996
421,2,0.010193445
421,3,0.010482233
421,4,0.009591077
421,5,0.008045017
421,6,0.007544791
421,7,0.008917257
421,8,0.009846831
421,9,0.013740371
421,10,0.010402995
422,0,0.007877552
422,1,0.013384474
422,2,0.007123319
422,3,0.013523472
422,4,0.007661823
422,5,0.007992197
422,6,0.012467258
422,7,0.010037725
422,8,0.00930088
422,9,0.00669099
422,10,0.006811387
423,0,0.006748666
423,1,0.007499622
423,2,0.009858951
423,3,0.009982279
423,4,0.012673453
423,5,0.009196078
423,6,0.010351876
423,7,0.008997982
423,8,0.008704162
423,9,0.009908024
423,10,0.005283694
424,0,0.008489612
424,1,0.013585059
424,2,0.005952055
424,3,0.009096598
424,4,0.009480573
424,5,0.008412751
424,6,0.007779441
424,7,0.005596982
424,8,0.007009991
424,9,0.008511143
424,10,0.00776703
425,0,0.011936096
425,1,0.017335482
425,2,0.010339335
425,3,0.01943865
425,4,0.020909341
425,5,0.014120596
425,6,0.010792472
425,7,0.013706845
425,8,0.011300965
425,9,0.012878923
425,10,0.013124063
426,0,0.012696225
426,1,0.010750146
426,2,0.010656368
426,3,0.019975083
426,4,0.012695373
426,5,0.010389028
426,6,0.006954999
426,7,0.010374592
426,8,0.010895159
426,9,0.00948045
426,10,0.011513335
427,0,0.011504788
427,1,0.014356377
427,2,0.011947647
427,3,0.009932561
427,4,0.009224819
427,5,0.009815324
427,6,0.008649492
427,7,0.008953052
427,8,0.009291696
427,9,0.008619076
427,10,0.010430753
428,0,0.009714847
428,1,0.007608735
428,2,0.010433451
428,3,0.00946212
428,4,0.011631543
428,5,0.009185599
428,6,0.016100192
428,7,0.010230608
428,8,0.01189906
428,9,0.01141116
428,10,0.005219461
429,0,0.011935273
429,1,0.008563261
429,2,0.007533256
429,3,0.008845066
429,4,0.00796766
429,5,0.007482104
429,6,0.007113508
429,7,0.010298633
429,8,0.011642735
429,9,0.008754553
429,10,0.007196849
430,0,0.01260832
430,1,0.015166312
430,2,0.00949926
430,3,0.00858865
430,4,0.008415266
430,5,0.008637486
430,6,0.010967595
430,7,0.009398039
430,8,0.009332726
430,9,0.007296523
430,10,0.052328072
431,0,0.011409447
431,1,0.013540151
431,2,0.011726847
431,3,0.012140686
431,4,0.014277743
431,5,0.008636137
431,6,0.009048928
431,7,0.013334259
431,8,0.008535609
431,9,0.011186415
431,10,0.01548497
432,0,0.01514966
432,1,0.010409567
432,2,0.009663725
432,3,0.010294747
432,4,0.008787584
432,5,0.009923192
432,6,0.007532435
432,7,0.009402119
432,8,0.009562409
432,9,0.008913181
432,10,0.007234594
433,0,0.007695808
433,1,0.008985283
433,2,0.007145327
433,3,0.007606561
433,4,0.011051257
433,5,0.006995967
433,6,0.006250837
433,7,0.006964591
433,8,0.006753618
433,9,0.013909719
433,10,0.006392329
434,0,0.010842919
434,1,0.010178479
434,2,0.014403898
434,3,0.010438905
434,4,0.013047406
434,5,0.008640388
434,6,0.011789866
434,7,0.014076993
434,8,0.009620704
434,9,0.007870897
434,10,0.007476956
435,0,0.014325232
435,1,0.009827693
435,2,0.013110039
435,3,0.011616545
435,4,0.012689453
435,5,0.009218827
435,6,0.009317243
435,7,0.011145782
435,8,0.01017984
435,9,0.006737254
435,10,0.026405558
436,0,0.018410396
436,1,0.011558691
436,2,0.009605732
436,3,0.011533212
436,4,0.010588782
436,5,0.013534086
436,6,0.012921062
436,7,0.010282435
436,8,0.011112069
436,9,0.009688595
436,10,0.00975148
437,0,0.011181807
437,1,0.014368227
437,2,0.009231811
437,3,0.011419814
437,4,0.009992089
437,5,0.009437539
437,6,0.011237245
437,7,0.010372642
437,8,0.010441754
437,9,0.009138823
437,10,0.005188437
438,0,0.009931909
438,1,0.010251535
438,2,0.010625888
438,3,0.008905191
438,4,0.008257603
438,5,0.007642902
438,6,0.007886991
438,7,0.011195025
438,8,0.005642524
438,9,0.009143745
438,10,0.012694255
439,0,0.008998971
439,1,0.012991437
439,2,0.015040928
439,3,0.010483598
439,4,0.00830459
439,5,0.01571876
439,6,0.010358146
439,7,0.00909869
439,8,0.014228046
439,9,0.007331408
439,10,0.009226603
440,0,0.009336877
440,1,0.015392271
440,2,0.014408792
440,3,0.011695526
440,4,0.009256227
440,5,0.009248212
440,6,0.008123962
440,7,0.008871838
440,8,0.008602699
440,9,0.007503442
440,10,0.013048115
441,0,0.013807176
441,1,0.008886069
441,2,0.008192241
441,3,0.012024367
441,4,0.014624092
441,5,0.007587093
441,6,0.00956752
441,7,0.008220645
441,8,0.008363651
441,9,0.009900223
441,10,0.009884147
442,0,0.008433532
442,1,0.009458895
442,2,0.01555011
442,3,0.014024326
442,4,0.00780359
442,5,0.007500937
442,6,0.00899021
442,7,0.010470521
442,8,0.008765778
442,9,0.010382639
442,10,0.008759773
443,0,0.015145954
443,1,0.011388348
443,2,0.008225152
443,3,0.011094389
443,4,0.010553656
443,5,0.01287244
443,6,0.016181264
443,7,0.009469831
443,8,0.010208433
443,9,0.011421714
443,10,0.010794032
444,0,0.01673273
444,1,0.00972186
444,2,0.013232708
444,3,0.02024211
444,4,0.009664125
444,5,0.008811736
444,6,0.010021933
444,7,0.011401587
444,8,0.017210849
444,9,0.017458607
444,10,0.010079486
445,0,0.01092739
445,1,0.014624581
445,2,0.00941468
445,3,0.016831271
445,4,0.009374025
445,5,0.007322191
445,6,0.008374421
445,7,0.006763989
445,8,0.007659658
445,9,0.006232423
445,10,0.008676616
446,0,0.009133626
446,1,0.012170774
446,2,0.008616935
446,3,0.009765957
446,4,0.007072329
446,5,0.011379962
446,6,0.008660428
446,7,0.011580581
446,8,0.015415864
446,9,0.007802993
446,10,0.0140487
447,0,0.00944069
447,1,0.015074634
447,2,0.017077582
447,3,0.00828025
447,4,0.012204908
447,5,0.008504573
447,6,0.009399556
447,7,0.011182899
447,8,0.005736893
447,9,0.007913603
447,10,0.014446011
448,0,0.010558452
448,1,0.009630525
448,2,0.012908462
448,3,0.009835726
448,4,0.009185345
448,5,0.015107395
448,6,0.008958928
448,7,0.016041778
448,8,0.009155285
448,9,0.010030067
448,10,0.006226476
449,0,0.010884646
449,1,0.008577503
449,2,0.009475542
449,3,0.009147014
449,4,0.010972248
449,5,0.015752483
449,6,0.009826619
449,7,0.011338981
449,8,0.00992985
449,9,0.008190658
449,10,0.006178128
450,0,0.006708962
450,1,0.00791354
450,2,0.008448252
450,3,0.008689725
450,4,0.008904407
450,5,0.009818258
450,6,0.010360793
450,7,0.007175636
450,8,0.010591658
450,9,0.007729677
450,10,0.006867055
451,0,0.00958181
451,1,0.009590076
451,2,0.010346543
451,3,0.010314496
451,4,0.008304911
451,5,0.009490214
451,6,0.009727828
451,7,0.007037993
451,8,0.010404814
451,9,0.008791953
451,10,0.012479401
452,0,0.017295614
452,1,0.011658833
452,2,0.010504372
452,3,0.010729149
452,4,0.008774903
452,5,0.01072349
452,6,0.009043694
452,7,0.009699564
452,8,0.009660633
452,9,0.009068651
452,10,0.013417485
453,0,0.013669245
453,1,0.012559747
453,2,0.012399869
453,3,0.013185297
453,4,0.010730417
453,5,0.015791994
453,6,0.012065653
453,7,0.011229752
453,8,0.009928245
453,9,0.009320891
453,10,0.005869879
454,0,0.009218607
454,1,0.010838328
454,2,0.008398161
454,3,0.010268311
454,4,0.006427775
454,5,0.008788366
454,6,0.010670157
454,7,0.007325506
454,8,0.007808259
454,9,0.007293561
454,10,0.00970321
455,0,0.013336973
455,1,0.007133502
455,2,0.006818975
455,3,0.008458634
455,4,0.006993831
455,5,0.008258503
455,6,0.012292519
455,7,0.006178355
455,8,0.007343201
455,9,0.010504724
455,10,0.003207456
456,0,0.009829147
456,1,0.00855281
456,2,0.008176817
456,3,0.005937759
456,4,0.009415492
456,5,0.009416428
456,6,0.007693067
456,7,0.01312354
456,8,0.011396083
456,9,0.007992353
456,10,0.008114882
457,0,0.009074776
457,1,0.008384015
457,2,0.006406708
457,3,0.00854291
457,4,0.007664158
457,5,0.008710344
457,6,0.007432713
457,7,0.009638073
457,8,0.009526124
457,9,0.00675051
457,10,0.013004472
458,0,0.009948767
458,1,0.007998187
458,2,0.009136629
458,3,0.010983583
458,4,0.009710253
458,5,0.010213731
458,6,0.011150191
458,7,0.008290657
458,8,0.0119798
458,9,0.010447906
458,10,0.01226179
459,0,0.011594146
459,1,0.008983371
459,2,0.014821146
459,3,0.013864887
459,4,0.011477629
459,5,0.015210383
459,6,0.008746278
459,7,0.007872962
459,8,0.009609004
459,9,0.008313198
459,10,0.010196794
460,0,0.012957539
460,1,0.009884238
460,2,0.006576519
460,3,0.007615919
460,4,0.012766355
460,5,0.010397393
460,6,0.006508243
460,7,0.006628888
460,8,0.007739716
460,9,0.007518678
460,10,0.003797615
461,0,0.007856424
461,1,0.015884699
461,2,0.012517656
461,3,0.008001868
461,4,0.008161339
461,5,0.007616202
461,6,0.009097623
461,7,0.009109721
461,8,0.007756512
461,9,0.009246105
461,10,0.00295649
462,0,0.011867864
462,1,0.008184168
462,2,0.012129597
462,3,0.009411922
462,4,0.009447793
462,5,0.013151018
462,6,0.00741657
462,7,0.007233984
462,8,0.00891667
462,9,0.007986059
462,10,0.010878496
463,0,0.00997781
463,1,0.008481539
463,2,0.007354571
463,3,0.00842577
463,4,0.007712605
463,5,0.006497787
463,6,0.009691736
463,7,0.009109166
463,8,0.010773834
463,9,0.011756745
463,10,0.007203341
464,0,0.009064412
464,1,0.008419394
464,2,0.010327177
464,3,0.010497327
464,4,0.005759704
464,5,0.007814128
464,6,0.008394595
464,7,0.007275188
464,8,0.008492926
464,9,0.009522349
464,10,0.008971868
465,0,0.010444314
465,1,0.010739026
465,2,0.011089841
465,3,0.013208251
465,4,0.011396625
465,5,0.009068942
465,6,0.009310503
465,7,0.010272329
465,8,0.011309881
465,9,0.013080545
465,10,0.009031863
466,0,0.010991358
466,1,0.010693625
466,2,0.006743793
466,3,0.011039479
466,4,0.008759776
466,5,0.010623427
466,6,0.011915391
466,7,0.01027957
466,8,0.012440506
466,9,0.010292437
466,10,0.009725293
467,0,0.015871005
467,1,0.010920215
467,2,0.011288103
467,3,0.012259271
467,4,0.012107044
467,5,0.009083245
467,6,0.015585423
467,7,0.013592788
467,8,0.011763937
467,9,0.012123991
467,10,0.011626322
468,0,0.020325862
468,1,0.01879642
468,2,0.009308685
468,3,0.011948038
468,4,0.016453376
468,5,0.018710963
468,6,0.014099155
468,7,0.012292678
468,8,0.012862182
468,9,0.015031531
468,10,0.007873316
469,0,0.008885342
469,1,0.012296276
469,2,0.01217019
469,3,0.011000387
469,4,0.009694565
469,5,0.010321311
469,6,0.007016724
469,7,0.010494394
469,8,0.010756057
469,9,0.00768763
469,10,0.012395781
470,0,0.012142792
470,1,0.013366047
470,2,0.012567401
470,3,0.01251339
470,4,0.00952298
470,5,0.01133173
470,6,0.013859645
470,7,0.009451882
470,8,0.009624884
470,9,0.007867247
470,10,0.004425106
471,0,0.012875809
471,1,0.010153157
471,2,0.010868875
471,3,0.009263147
471,4,0.013283622
471,5,0.009687605
471,6,0.008697456
471,7,0.010417415
471,8,0.010448156
471,9,0.010263354
471,10,0.012769853
472,0,0.010866662
472,1,0.014995422
472,2,0.009347525
472,3,0.010694573
472,4,0.008039761
472,5,0.009218958
472,6,0.008746693
472,7,0.011689752
472,8,0.009318908
472,9,0.011490331
472,10,0.008450998
473,0,0.009233186
473,1,0.0138721
473,2,0.009093848
473,3,0.008086255
473,4,0.011423416
473,5,0.007464054
473,6,0.011005525
473,7,0.009422312
473,8,0.006153339
473,9,0.014294509
473,10,0.005674585
474,0,0.010773742
474,1,0.011860518
474,2,0.007746239
474,3,0.009304206
474,4,0.009898081
474,5,0.008781144
474,6,0.007491325
474,7,0.012152647
474,8,0.010228079
474,9,0.007262114
474,10,0.008301098
475,0,0.011010211
475,1,0.007695565
475,2,0.011653215
475,3,0.007208309
475,4,0.010802999
475,5,0.010105984
475,6,0.007450958
475,7,0.009106915
475,8,0.009367349
475,9,0.008700473
475,10,0.015688792
476,0,0.007738121
476,1,0.009325664
476,2,0.010500174
476,3,0.008161839
476,4,0.010296831
476,5,0.008299458
476,6,0.008441905
476,7,0.009048032
476,8,0.007720842
476,9,0.007974251
476,10,0.009387179
477,0,0.008310823
477,1,0.01635005
477,2,0.009673638
477,3,0.008560406
477,4,0.010148401
477,5,0.00807561
477,6,0.01020902
477,7,0.007304453
477,8,0.010542084
477,9,0.010055127
477,10,0.019128034
478,0,0.011829644
478,1,0.015074635
478,2,0.01161381
478,3,0.011195408
478,4,0.008379127
478,5,0.006689306
478,6,0.009033022
478,7,0.005924524
478,8,0.009997801
478,9,0.007067911
478,10,0.004787315
479,0,0.008790247
479,1,0.012985004
479,2,0.007394143
479,3,0.008388279
479,4,0.00964913
479,5,0.00633097
479,6,0.00840665
479,7,0.010636108
479,8,0.008417057
479,9,0.008406325
479,10,0.008371104
480,0,0.01113773
480,1,0.009777227
480,2,0.008467854
480,3,0.008893384
480,4,0.007476897
480,5,0.009943974
480,6,0.009705951
480,7,0.009818064
480,8,0.013709086
480,9,0.00794728
480,10,0.012032016
481,0,0.009423494
481,1,0.007691556
481,2,0.008421656
481,3,0.009052383
481,4,0.01164941
481,5,0.007442585
481,6,0.008119568
481,7,0.006844336
481,8,0.008074272
481,9,0.006464721
481,10,0.007813348
482,0,0.014139402
482,1,0.007262036
482,2,0.01002919
482,3,0.009146359
482,4,0.006579439
482,5,0.008768893
482,6,0.006239045
482,7,0.008116122
482,8,0.008913746
482,9,0.008285805
482,10,0.012525219
483,0,0.01281748
483,1,0.012140685
483,2,0.009198271
483,3,0.011327315
483,4,0.012199903
483,5,0.009193253
483,6,0.008000363
483,7,0.009078256
483,8,0.007810587
483,9,0.009268558
483,10,0.005672716
484,0,0.015284428
484,1,0.008457595
484,2,0.007904447
484,3,0.007412905
484,4,0.005693864
484,5,0.007740309
484,6,0.007696752
484,7,0.008280577
484,8,0.007675798
484,9,0.007157221
484,10,0.010811556
485,0,0.007841429
485,1,0.013582483
485,2,0.007135402
485,3,0.007033784
485,4,0.006416402
485,5,0.004912503
485,6,0.005692309
485,7,0.007355302
485,8,0.007020705
485,9,0.008148698
485,10,0.00480228
486,0,0.009426541
486,1,0.006307763
486,2,0.012380576
486,3,0.008703262
486,4,0.006486611
486,5,0.006610842
486,6,0.00795823
486,7,0.008830741
486,8,0.006620436
486,9,0.008093271
486,10,0.00449099
487,0,0.008011764
487,1,0.006706542
487,2,0.006041495
487,3,0.007780254
487,4,0.00866207
487,5,0.008533426
487,6,0.007958036
487,7,0.008619855
487,8,0.006774624
487,9,0.008985069
487,10,0.006230744
488,0,0.009120385
488,1,0.008357072
488,2,0.009620353
488,3,0.010536157
488,4,0.006580351
488,5,0.009265623
488,6,0.007936244
488,7,0.01149144
488,8,0.013052864
488,9,0.008793542
488,10,0.010155832
489,0,0.010581758
489,1,0.008468008
489,2,0.007984717
489,3,0.006987318
489,4,0.008860693
489,5,0.007807987
489,6,0.00724996
489,7,0.008872416
489,8,0.010417112
489,9,0.007826856
489,10,0.00497203
490,0,0.00974549
490,1,0.007369032
490,2,0.007787907
490,3,0.008708409
490,4,0.007161222
490,5,0.006028561
490,6,0.012099931
490,7,0.008074968
490,8,0.006559285
490,9,0.006463794
490,10,0.009938906
491,0,0.011332541
491,1,0.007134086
491,2,0.010210539
491,3,0.019938461
491,4,0.013317117
491,5,0.017381322
491,6,0.018450145
491,7,0.015506012
491,8,0.013253238
491,9,0.019930236
491,10,0.021046635
492,0,0.009743278
492,1,0.012657873
492,2,0.017193809
492,3,0.009279231
492,4,0.009218439
492,5,0.01487145
492,6,0.008795341
492,7,0.014982747
492,8,0.007682594
492,9,0.014754128
492,10,0.014185448
493,0,0.009707708
493,1,0.008996102
493,2,0.007694335
493,3,0.009681598
493,4,0.008372786
493,5,0.010107897
493,6,0.008814981
493,7,0.00937786
493,8,0.010392549
493,9,0.011354256
493,10,0.007800737
494,0,0.013957685
494,1,0.012339624
494,2,0.008716097
494,3,0.012382379
494,4,0.012669966
494,5,0.009577479
494,6,0.009917546
494,7,0.00876487
494,8,0.010532786
494,9,0.008616209
494,10,0.006793064
495,0,0.006513566
495,1,0.009766838
495,2,0.009195765
495,3,0.009955957
495,4,0.010430567
495,5,0.008195257
495,6,0.006622391
495,7,0.013494268
495,8,0.007909887
495,9,0.006070384
495,10,0.010081627
496,0,0.01172534
496,1,0.01034317
496,2,0.00964429
496,3,0.006642509
496,4,0.008843765
496,5,0.01037704
496,6,0.008086371
496,7,0.011586526
496,8,0.009450193
496,9,0.009903558
496,10,0.00491759
497,0,0.008712843
497,1,0.008788157
497,2,0.00691235
497,3,0.008761829
497,4,0.008403878
497,5,0.010599107
497,6,0.007673239
497,7,0.009768995
497,8,0.007417858
497,9,0.008582096
497,10,0.006896349
498,0,0.008128335
498,1,0.00975699
498,2,0.009621968
498,3,0.006684158
498,4,0.008856479
498,5,0.010648938
498,6,0.010132553
498,7,0.006450125
498,8,0.008845353
498,9,0.007741972
498,10,0.008178128
499,0,0.010095609
499,1,0.008897077
499,2,0.010139974
499,3,0.011838071
499,4,0.010715381
499,5,0.007915543
499,6,0.010631536
499,7,0.009255302
499,8,0.009612656
499,9,0.012495483
499,10,0.009088127
